"","unitSamplingEpisodeID","treeID","plotID","treeTagNo","speciesID","dbh_in","ht_ft","htlc_ft","cbh_ft","statusID","notes","dateCreated","crownScorch_.","maxScorchHt_ft","minBoleChar_ft","maxBoleChar_ft","burnSeverity","unitName","Error"
"188",1,2665,14,1886,1029,24.3,16.7,27.4,27.4,1,"","11/23/2016",NA,NA,NA,NA,NA,"Canteen","Logical Bound (Htlc > Ht)"
"311",1,2463,2,3835,858,0.6,5,5.5,0.5,1,"","11/17/2016",NA,NA,NA,NA,NA,"Canteen","Logical Bound (Htlc > Ht)"
"1596",11,1322,199,696,1029,10.5,34,50,34,1,"","11/8/2016",15,44,0.1,4,2,"Angel","Logical Bound (Htlc > Ht)"
"4",1,2480,4,3852,917,2.3,6,2.5,8.5,1,"","11/17/2016",NA,NA,NA,NA,NA,"Canteen","Logical Bound (Cbh > Htlc)"
"45",1,2521,7,3893,917,2.9,24.3,6,12.6,1,"","11/22/2016",NA,NA,NA,NA,NA,"Canteen","Logical Bound (Cbh > Htlc)"
"159",1,2514,7,3886,1030,5.9,20.1,6.5,7,1,"","11/17/2016",NA,NA,NA,NA,NA,"Canteen","Logical Bound (Cbh > Htlc)"
"174",1,2651,12,1872,1030,4.4,17.6,4.4,5.5,1,"","11/23/2016",NA,NA,NA,NA,NA,"Canteen","Logical Bound (Cbh > Htlc)"
"200",1,2677,15,1898,1029,4.2,13.3,5.7,6.9,1,"","11/23/2016",NA,NA,NA,NA,NA,"Canteen","Logical Bound (Cbh > Htlc)"
"1079",9,956,149,641,1030,1.3,81,2,3,1,"Top broken","",NA,NA,NA,NA,NA,"Goat","Logical Bound (Cbh > Htlc)"
"1326",10,1979,165,925,1029,13.8,75,37,46,1,"","11/14/2016",25,48,3,19,2,"Orion 2","Logical Bound (Cbh > Htlc)"
"1555",10,2112,173,3576,1029,0.4,5,0,4,1,"","11/14/2016",100,5,0,0.1,3,"Orion 2","Logical Bound (Cbh > Htlc)"
"1600",11,1313,199,188,1029,23.3,88,31,37,1,"","11/8/2016",1,21,2,10,2,"Angel","Logical Bound (Cbh > Htlc)"
"1672",11,1277,195,152,1030,10.6,47,9,10,1,"","11/8/2016",100,47,12,13,3,"Angel","Logical Bound (Cbh > Htlc)"
"1749",11,1151,187,430,1029,22.3,64,21,42,1,"","11/8/2016",10,26,1,6,2,"Angel","Logical Bound (Cbh > Htlc)"
"2043",14,1480,243,142,1030,7.4,40,8,9,1,"","11/9/2016",60,32,0,0,2,"Chumstick ZUI","Logical Bound (Cbh > Htlc)"
"2203",15,1883,259,3984,967,5.3,39,10,20,1,"","11/14/2016",NA,NA,NA,NA,NA,"Upper Rendezvous 1","Logical Bound (Cbh > Htlc)"
"2266",15,1866,257,3967,1030,7.1,43,2,3,1,"","11/14/2016",NA,NA,NA,NA,NA,"Upper Rendezvous 1","Logical Bound (Cbh > Htlc)"
"2268",15,1868,257,3969,1029,6.3,26,1,7,1,"","11/14/2016",NA,NA,NA,NA,NA,"Upper Rendezvous 1","Logical Bound (Cbh > Htlc)"
"2275",15,293,247,3308,1030,1.8,10,0.5,4.5,1,"","",NA,NA,NA,NA,NA,"Upper Rendezvous 1","Logical Bound (Cbh > Htlc)"
"2454",16,2985,267,701,1030,17.1,103,10,90,1,"","12/1/2016",NA,NA,NA,NA,NA,"Natapoc 35","Logical Bound (Cbh > Htlc)"
"2458",16,2989,267,705,1030,25.2,109,9,100,1,"","12/1/2016",NA,NA,NA,NA,NA,"Natapoc 35","Logical Bound (Cbh > Htlc)"
"2459",16,2990,267,706,1030,15.6,111,8,101,1,"","12/1/2016",NA,NA,NA,NA,NA,"Natapoc 35","Logical Bound (Cbh > Htlc)"
"2460",16,2991,267,707,1030,27.1,131,20,120,1,"","12/1/2016",NA,NA,NA,NA,NA,"Natapoc 35","Logical Bound (Cbh > Htlc)"
"2461",16,2992,267,708,1015,5.9,27,7,10,1,"","12/1/2016",NA,NA,NA,NA,NA,"Natapoc 35","Logical Bound (Cbh > Htlc)"
"2463",16,2994,267,710,1030,26.8,131,30,70,1,"","12/1/2016",NA,NA,NA,NA,NA,"Natapoc 35","Logical Bound (Cbh > Htlc)"
"2467",16,2998,269,714,1030,17.2,99,28,57,1,"","12/1/2016",NA,NA,NA,NA,NA,"Natapoc 35","Logical Bound (Cbh > Htlc)"
"2471",16,3002,269,718,1030,24,97,25,48,1,"","12/1/2016",NA,NA,NA,NA,NA,"Natapoc 35","Logical Bound (Cbh > Htlc)"
"2475",16,3006,273,722,1030,24.5,102,25,42,1,"","12/1/2016",NA,NA,NA,NA,NA,"Natapoc 35","Logical Bound (Cbh > Htlc)"
"2477",16,3008,273,724,1030,19.8,60,5,20,1,"","12/1/2016",NA,NA,NA,NA,NA,"Natapoc 35","Logical Bound (Cbh > Htlc)"
"2479",16,3010,275,726,1030,16.3,115,42,71,1,"","12/1/2016",NA,NA,NA,NA,NA,"Natapoc 35","Logical Bound (Cbh > Htlc)"
"2480",16,3011,275,727,1030,21.5,116,40,62,1,"","12/1/2016",NA,NA,NA,NA,NA,"Natapoc 35","Logical Bound (Cbh > Htlc)"
"2481",16,3012,275,728,1030,18.3,107,35,64,1,"","12/1/2016",NA,NA,NA,NA,NA,"Natapoc 35","Logical Bound (Cbh > Htlc)"
"2482",16,3013,275,729,1030,11.8,109,20,60,1,"","12/1/2016",NA,NA,NA,NA,NA,"Natapoc 35","Logical Bound (Cbh > Htlc)"
"2483",16,3014,275,730,1030,19,125,29,75,1,"","12/1/2016",NA,NA,NA,NA,NA,"Natapoc 35","Logical Bound (Cbh > Htlc)"
"2484",16,3015,275,731,1030,20.7,117,25,71,1,"","12/1/2016",NA,NA,NA,NA,NA,"Natapoc 35","Logical Bound (Cbh > Htlc)"
"2485",16,3016,275,732,1030,17.2,113,18,69,1,"","12/1/2016",NA,NA,NA,NA,NA,"Natapoc 35","Logical Bound (Cbh > Htlc)"
"2486",16,3017,275,733,1030,18,114,20,55,1,"","12/1/2016",NA,NA,NA,NA,NA,"Natapoc 35","Logical Bound (Cbh > Htlc)"
"2487",16,3018,275,734,1030,18.2,116,33,64,1,"","12/1/2016",NA,NA,NA,NA,NA,"Natapoc 35","Logical Bound (Cbh > Htlc)"
"2489",16,3020,277,736,1030,16.4,98,42,46,1,"","12/1/2016",NA,NA,NA,NA,NA,"Natapoc 35","Logical Bound (Cbh > Htlc)"
"2491",16,3022,277,738,1030,20.2,99,35,42,1,"","12/1/2016",NA,NA,NA,NA,NA,"Natapoc 35","Logical Bound (Cbh > Htlc)"
"2492",16,3023,277,739,1030,14.9,86,40,45,1,"","12/1/2016",NA,NA,NA,NA,NA,"Natapoc 35","Logical Bound (Cbh > Htlc)"
"2494",16,3025,277,741,1030,19.6,97,38,40,1,"","12/1/2016",NA,NA,NA,NA,NA,"Natapoc 35","Logical Bound (Cbh > Htlc)"
"2495",16,3026,279,742,1030,19.1,120,30,48,1,"","12/1/2016",NA,NA,NA,NA,NA,"Natapoc 35","Logical Bound (Cbh > Htlc)"
"2496",16,3027,279,743,1030,20.4,110,35,55,1,"","12/1/2016",NA,NA,NA,NA,NA,"Natapoc 35","Logical Bound (Cbh > Htlc)"
"2497",16,3028,279,744,1030,18.8,107,28,56,1,"","12/1/2016",NA,NA,NA,NA,NA,"Natapoc 35","Logical Bound (Cbh > Htlc)"
"2498",16,3029,279,745,1030,19.5,69,20,39,1,"","12/1/2016",NA,NA,NA,NA,NA,"Natapoc 35","Logical Bound (Cbh > Htlc)"
"2499",16,3030,279,746,1030,19.4,85,32,48,1,"","12/1/2016",NA,NA,NA,NA,NA,"Natapoc 35","Logical Bound (Cbh > Htlc)"
"2500",16,3031,279,747,1030,16.3,108,29,80,1,"","12/1/2016",NA,NA,NA,NA,NA,"Natapoc 35","Logical Bound (Cbh > Htlc)"
"2501",16,3032,279,748,1030,15.5,109,26,78,1,"","12/1/2016",NA,NA,NA,NA,NA,"Natapoc 35","Logical Bound (Cbh > Htlc)"
"2502",16,3033,279,749,1030,15.9,100,40,45,1,"","12/1/2016",NA,NA,NA,NA,NA,"Natapoc 35","Logical Bound (Cbh > Htlc)"
"2503",16,3034,279,750,1030,20.1,110,37,48,1,"","12/1/2016",NA,NA,NA,NA,NA,"Natapoc 35","Logical Bound (Cbh > Htlc)"
"2504",16,3035,281,751,1030,19,105,44,50,1,"","12/1/2016",NA,NA,NA,NA,NA,"Natapoc 35","Logical Bound (Cbh > Htlc)"
"2505",16,3036,281,752,1030,14.2,107,38,60,1,"","12/1/2016",NA,NA,NA,NA,NA,"Natapoc 35","Logical Bound (Cbh > Htlc)"
"2506",16,3037,281,753,1030,18,115,49,52,1,"","12/1/2016",NA,NA,NA,NA,NA,"Natapoc 35","Logical Bound (Cbh > Htlc)"
"2508",16,3039,281,755,1030,16.9,99,32,49,1,"","12/1/2016",NA,NA,NA,NA,NA,"Natapoc 35","Logical Bound (Cbh > Htlc)"
"2515",16,3046,283,763,1030,9.6,39,14,18,1,"","12/1/2016",NA,NA,NA,NA,NA,"Natapoc 35","Logical Bound (Cbh > Htlc)"
"2518",16,3049,283,766,1030,19.3,98,32,50,1,"","12/1/2016",NA,NA,NA,NA,NA,"Natapoc 35","Logical Bound (Cbh > Htlc)"
"2519",16,3050,285,767,858,2.8,10,3,6,1,"","12/1/2016",NA,NA,NA,NA,NA,"Natapoc 35","Logical Bound (Cbh > Htlc)"
"2520",16,3051,285,768,858,1.3,7,2,4,1,"","12/1/2016",NA,NA,NA,NA,NA,"Natapoc 35","Logical Bound (Cbh > Htlc)"
"2524",16,3055,285,772,858,2.4,9,3,4,1,"","12/1/2016",NA,NA,NA,NA,NA,"Natapoc 35","Logical Bound (Cbh > Htlc)"
"2525",16,3056,285,773,858,1.1,7,2,3,1,"","12/1/2016",NA,NA,NA,NA,NA,"Natapoc 35","Logical Bound (Cbh > Htlc)"
"2526",16,3057,285,774,858,5.4,31,7,10,1,"","12/1/2016",NA,NA,NA,NA,NA,"Natapoc 35","Logical Bound (Cbh > Htlc)"
"2527",16,3058,285,775,858,4.5,24,6,7,1,"","12/1/2016",NA,NA,NA,NA,NA,"Natapoc 35","Logical Bound (Cbh > Htlc)"
"2528",16,3059,285,776,858,2.9,12,2,6,1,"","12/1/2016",NA,NA,NA,NA,NA,"Natapoc 35","Logical Bound (Cbh > Htlc)"
"2531",16,3062,285,779,858,4.1,30,8,19,1,"","12/1/2016",NA,NA,NA,NA,NA,"Natapoc 35","Logical Bound (Cbh > Htlc)"
"526",5,2287,71,445,1030,3.2,16,9,4,1,"","11/14/2016",60,16,2,3,2,"Paradise 90","Logical Bound (MaxScorch > Htlc)"
"529",5,2290,71,448,936,0.7,6.7,1,1,1,"","11/14/2016",100,6.7,0.5,1,3,"Paradise 90","Logical Bound (MaxScorch > Htlc)"
"543",5,2295,71,453,1030,0.8,7.1,3.5,2.5,1,"","11/14/2016",5,4,NA,NA,2,"Paradise 90","Logical Bound (MaxScorch > Htlc)"
"562",5,2246,61,404,1030,0.5,6.4,3.5,1.5,1,"","11/14/2016",95,6.4,0.1,0.5,2,"Paradise 90","Logical Bound (MaxScorch > Htlc)"
"565",5,2249,61,407,1030,0.8,9.9,6,2.5,1,"","11/14/2016",5,7,0.1,0.5,2,"Paradise 90","Logical Bound (MaxScorch > Htlc)"
"567",5,2251,63,409,1029,15,93,42,28,1,"","11/14/2016",30,65,0.5,5,2,"Paradise 90","Logical Bound (MaxScorch > Htlc)"
"570",5,2254,63,412,1030,7.2,45,13.5,1,1,"","11/14/2016",10,14,1,4,2,"Paradise 90","Logical Bound (MaxScorch > Htlc)"
"571",5,2255,63,413,1029,14.2,84,39,9.5,1,"","11/14/2016",75,83,0.1,4,2,"Paradise 90","Logical Bound (MaxScorch > Htlc)"
"589",5,2313,73,471,1030,0.4,6,1.5,1.5,1,"","11/14/2016",75,6,0.1,0.5,2,"Paradise 90","Logical Bound (MaxScorch > Htlc)"
"594",5,2318,73,476,1030,0.9,7.5,4,2,1,"","11/14/2016",30,6,0.1,0.5,2,"Paradise 90","Logical Bound (MaxScorch > Htlc)"
"598",5,2322,73,480,1030,0.5,7.5,2,1,1,"","11/14/2016",50,5,0,0.1,2,"Paradise 90","Logical Bound (MaxScorch > Htlc)"
"599",5,2323,73,481,1030,0.3,6.9,3,2.5,1,"","11/14/2016",25,5,0,0.1,2,"Paradise 90","Logical Bound (MaxScorch > Htlc)"
"600",5,2324,73,482,1030,1.2,7.6,3.5,2,1,"","11/14/2016",50,6.5,0.5,1,2,"Paradise 90","Logical Bound (MaxScorch > Htlc)"
"601",5,2325,73,483,1030,1.7,9,3,1.5,1,"","11/14/2016",10,4,1,2,2,"Paradise 90","Logical Bound (MaxScorch > Htlc)"
"614",5,2338,75,496,936,12.8,65,38,10,1,"","11/14/2016",15,39,2,10,2,"Paradise 90","Logical Bound (MaxScorch > Htlc)"
"626",5,2310,73,468,1030,0.5,7.1,2.5,2.5,1,"","11/14/2016",1,3,0.1,0.1,2,"Paradise 90","Logical Bound (MaxScorch > Htlc)"
"627",5,2311,73,469,1030,5.2,30,17,3.5,1,"","11/14/2016",25,25,0,1.5,2,"Paradise 90","Logical Bound (MaxScorch > Htlc)"
"628",5,2312,73,470,1030,2.1,10,5,2.5,1,"","11/14/2016",100,10,3,4,3,"Paradise 90","Logical Bound (MaxScorch > Htlc)"
"629",5,2353,79,3661,1030,2.1,11,6,1.5,1,"","11/14/2016",100,11,0.1,0.1,3,"Paradise 90","Logical Bound (MaxScorch > Htlc)"
"630",5,2354,79,3662,1029,1.3,9,6,2.5,1,"","11/14/2016",40,9,NA,NA,2,"Paradise 90","Logical Bound (MaxScorch > Htlc)"
"631",5,2315,73,473,1030,2.4,15,3.5,1.5,1,"","11/14/2016",1,5,0.1,0.5,2,"Paradise 90","Logical Bound (MaxScorch > Htlc)"
"635",5,2319,73,477,1030,1.1,9,3.5,2,1,"","11/14/2016",1,4,0.5,2,2,"Paradise 90","Logical Bound (MaxScorch > Htlc)"
"638",5,2352,79,3660,1030,9.5,44,4.5,2,1,"","11/14/2016",15,14,NA,NA,2,"Paradise 90","Logical Bound (MaxScorch > Htlc)"
"641",5,2355,79,3663,1030,2.2,12,6.5,1,1,"","11/14/2016",15,12,NA,NA,2,"Paradise 90","Logical Bound (MaxScorch > Htlc)"
"1269",10,2039,171,985,1030,0.9,9,1,0,1,"","11/14/2016",100,9,1,1,4,"Orion 2","Logical Bound (MaxScorch > Htlc)"
"1270",10,2044,171,990,936,0.6,7,1,1,1,"","11/14/2016",30,3,1,1,2,"Orion 2","Logical Bound (MaxScorch > Htlc)"
"1271",10,2045,171,991,936,0.6,8,1,1,1,"","11/14/2016",30,3,1,1,2,"Orion 2","Logical Bound (MaxScorch > Htlc)"
"1272",10,2038,171,984,1029,13.7,61,17,17,1,"","11/14/2016",10,18,0,7,2,"Orion 2","Logical Bound (MaxScorch > Htlc)"
"1274",10,2048,171,994,1030,1.6,12,1,0,1,"","11/14/2016",100,12,1,2,3,"Orion 2","Logical Bound (MaxScorch > Htlc)"
"1275",10,2049,171,995,1030,0.9,9,2,1,1,"","11/14/2016",70,9,0.1,1,2,"Orion 2","Logical Bound (MaxScorch > Htlc)"
"1276",10,2050,171,996,936,1,7,1,1,1,"","11/14/2016",45,4,0.1,0.1,2,"Orion 2","Logical Bound (MaxScorch > Htlc)"
"1279",10,2040,171,986,1030,0.8,7,2,1,1,"","11/14/2016",100,7,4,4,4,"Orion 2","Logical Bound (MaxScorch > Htlc)"
"1280",10,2041,171,987,936,1.4,13,2,1,1,"","11/14/2016",65,13,2,3,2,"Orion 2","Logical Bound (MaxScorch > Htlc)"
"1281",10,2042,171,988,936,0.6,6,2,0,1,"","11/14/2016",70,5,1,1,2,"Orion 2","Logical Bound (MaxScorch > Htlc)"
"1282",10,2043,171,989,1030,0.8,7,1,0,1,"","11/14/2016",100,7,2,2,4,"Orion 2","Logical Bound (MaxScorch > Htlc)"
"1283",10,2057,171,3521,936,0.3,6,1,1,1,"","11/14/2016",100,6,0.1,0.1,3,"Orion 2","Logical Bound (MaxScorch > Htlc)"
"1284",10,2058,171,3522,1030,0.6,6,1,1,1,"","11/14/2016",99,6,1,1,2,"Orion 2","Logical Bound (MaxScorch > Htlc)"
"1285",10,2046,171,992,1030,0.3,5,1,0,1,"","11/14/2016",100,5,1,1,3,"Orion 2","Logical Bound (MaxScorch > Htlc)"
"1286",10,2060,171,3524,1030,0.6,7,1,1,1,"","11/14/2016",100,7,2,2,4,"Orion 2","Logical Bound (MaxScorch > Htlc)"
"1287",10,2061,171,3525,858,2.4,12,2,1,1,"","11/14/2016",55,12,0.1,1,2,"Orion 2","Logical Bound (MaxScorch > Htlc)"
"1291",10,2065,171,3529,1030,1,7,1,1,1,"","11/14/2016",100,7,0.1,0.1,3,"Orion 2","Logical Bound (MaxScorch > Htlc)"
"1293",10,2054,171,1000,858,0.3,6,1,1,1,"","11/14/2016",100,6,0.1,0.1,3,"Orion 2","Logical Bound (MaxScorch > Htlc)"
"1294",10,2055,171,3519,936,1.8,14,2,2,1,"","11/14/2016",60,12,0.1,1,2,"Orion 2","Logical Bound (MaxScorch > Htlc)"
"1295",10,2056,171,3520,936,0.3,5,1,1,1,"","11/14/2016",95,5,0.1,0.1,2,"Orion 2","Logical Bound (MaxScorch > Htlc)"
"1298",10,2059,171,3523,1030,1.4,8,1,1,1,"","11/14/2016",100,8,1,1,3,"Orion 2","Logical Bound (MaxScorch > Htlc)"
"1300",10,2034,171,980,1030,1.7,12,3,1,1,"","11/14/2016",80,8,0.1,0.1,2,"Orion 2","Logical Bound (MaxScorch > Htlc)"
"1301",10,2035,171,981,1030,0.8,7,1,0,1,"","11/14/2016",30,2,0.1,0.1,2,"Orion 2","Logical Bound (MaxScorch > Htlc)"
"1302",10,2036,171,982,1030,1.1,8,1,0,1,"","11/14/2016",70,6,0.1,0.1,2,"Orion 2","Logical Bound (MaxScorch > Htlc)"
"1304",10,1957,161,903,1030,1.4,9,1,1,1,"","11/14/2016",100,9,2,6,3,"Orion 2","Logical Bound (MaxScorch > Htlc)"
"1305",10,1958,161,904,1029,25.8,104,46,26,1,"","11/14/2016",99,100,5,18,2,"Orion 2","Logical Bound (MaxScorch > Htlc)"
"1306",10,1959,161,905,1029,25.9,94,41,22,1,"","11/14/2016",95,86,5,17,2,"Orion 2","Logical Bound (MaxScorch > Htlc)"
"1307",10,1960,161,906,1029,3.1,13,6,4,1,"","11/14/2016",100,13,1,8,3,"Orion 2","Logical Bound (MaxScorch > Htlc)"
"1308",10,1961,161,907,1030,1,7,0,0,1,"","11/14/2016",100,7,4.5,6,4,"Orion 2","Logical Bound (MaxScorch > Htlc)"
"1309",10,1962,161,908,1029,21.5,94,47,39,1,"","11/14/2016",90,88,15,20,2,"Orion 2","Logical Bound (MaxScorch > Htlc)"
"1310",10,1963,161,909,1030,1.8,7,0,0,1,"","11/14/2016",100,7,1,2,3,"Orion 2","Logical Bound (MaxScorch > Htlc)"
"1311",10,1964,161,910,1029,24.5,90,32,29,1,"","11/14/2016",100,90,1,9,3,"Orion 2","Logical Bound (MaxScorch > Htlc)"
"1316",10,1969,163,915,1030,5.1,24,2,2,1,"","11/14/2016",80,24,2,4,2,"Orion 2","Logical Bound (MaxScorch > Htlc)"
"1317",10,1970,163,916,1030,4.2,23,3,3,1,"","11/14/2016",100,23,3,4,3,"Orion 2","Logical Bound (MaxScorch > Htlc)"
"1318",10,1971,163,917,1029,3.8,17,10,10,1,"","11/14/2016",100,17,1,2,3,"Orion 2","Logical Bound (MaxScorch > Htlc)"
"1319",10,1972,163,918,1029,15.1,71,35,25,1,"","11/14/2016",95,65,1,9,2,"Orion 2","Logical Bound (MaxScorch > Htlc)"
"1320",10,1973,163,919,1029,23.5,103,32,26,1,"","11/14/2016",15,51,0.1,10,2,"Orion 2","Logical Bound (MaxScorch > Htlc)"
"1321",10,1974,165,920,1029,27.6,108,42,34,1,"","11/14/2016",20,60,1,12,2,"Orion 2","Logical Bound (MaxScorch > Htlc)"
"1323",10,1976,165,922,1029,17,56,20,11,1,"","11/14/2016",70,34,2,17,2,"Orion 2","Logical Bound (MaxScorch > Htlc)"
"1324",10,1977,165,923,1029,15,57,27,23,1,"","11/14/2016",70,45,1,11,2,"Orion 2","Logical Bound (MaxScorch > Htlc)"
"1325",10,1978,165,924,1029,2,10,5,5,1,"","11/14/2016",100,10,3,6,3,"Orion 2","Logical Bound (MaxScorch > Htlc)"
"13261",10,1979,165,925,1029,13.8,75,37,46,1,"","11/14/2016",25,48,3,19,2,"Orion 2","Logical Bound (MaxScorch > Htlc)"
"1328",10,1981,165,927,1029,23.3,49,38,32,1,"","11/14/2016",100,49,1,7,3,"Orion 2","Logical Bound (MaxScorch > Htlc)"
"1329",10,1982,165,928,1030,5.7,24,4,2,1,"","11/14/2016",95,22,6,6,2,"Orion 2","Logical Bound (MaxScorch > Htlc)"
"1340",10,1993,167,939,1030,2.8,13,1,1,1,"","11/14/2016",100,13,0.1,2,3,"Orion 2","Logical Bound (MaxScorch > Htlc)"
"1342",10,1955,161,901,1029,0.5,5,2,2,1,"","11/14/2016",100,5,1,3,3,"Orion 2","Logical Bound (MaxScorch > Htlc)"
"1343",10,1956,161,902,1029,1,7,4,3,1,"","11/14/2016",100,7,1,3,3,"Orion 2","Logical Bound (MaxScorch > Htlc)"
"1344",10,1997,167,943,1030,0.8,8,1,1,1,"","11/14/2016",100,8,0.1,0.1,3,"Orion 2","Logical Bound (MaxScorch > Htlc)"
"1345",10,1998,167,944,936,0.5,6,1,0,1,"","11/14/2016",100,6,0.1,0.1,3,"Orion 2","Logical Bound (MaxScorch > Htlc)"
"1346",10,1999,167,945,936,0.7,7,1,0,1,"","11/14/2016",100,7,0.1,0.1,3,"Orion 2","Logical Bound (MaxScorch > Htlc)"
"1347",10,2000,167,946,936,0.7,7,2,1,1,"","11/14/2016",100,7,0.1,0.1,3,"Orion 2","Logical Bound (MaxScorch > Htlc)"
"1348",10,2001,167,947,936,0.8,8,2,1,1,"","11/14/2016",100,8,0.1,1,3,"Orion 2","Logical Bound (MaxScorch > Htlc)"
"1349",10,2002,167,948,936,0.8,8,3,1,1,"","11/14/2016",100,8,1,1,3,"Orion 2","Logical Bound (MaxScorch > Htlc)"
"1350",10,2003,167,949,936,0.6,6,1,1,1,"","11/14/2016",100,6,0.1,0.1,3,"Orion 2","Logical Bound (MaxScorch > Htlc)"
"1351",10,2004,167,950,936,1,8,1,0,1,"","11/14/2016",100,8,0.1,0.1,3,"Orion 2","Logical Bound (MaxScorch > Htlc)"
"1352",10,2005,167,951,936,0.4,6,2,1,1,"","11/14/2016",100,6,0.1,0.1,3,"Orion 2","Logical Bound (MaxScorch > Htlc)"
"1353",10,2006,167,952,1030,0.3,6,0,0,1,"","11/14/2016",65,6,0.1,0.1,2,"Orion 2","Logical Bound (MaxScorch > Htlc)"
"1354",10,2007,167,953,936,0.4,6,1,0,1,"","11/14/2016",90,6,1,1,2,"Orion 2","Logical Bound (MaxScorch > Htlc)"
"1355",10,2008,167,954,936,0.3,5,1,1,1,"","11/14/2016",60,3,0,0.1,2,"Orion 2","Logical Bound (MaxScorch > Htlc)"
"1356",10,2009,167,955,936,0.4,6,2,1,1,"","11/14/2016",25,3,0.1,0.1,2,"Orion 2","Logical Bound (MaxScorch > Htlc)"
"1360",10,2013,167,959,936,0.8,5,1,1,1,"","11/14/2016",40,3,0,0.1,2,"Orion 2","Logical Bound (MaxScorch > Htlc)"
"1366",10,2019,169,965,1029,10,40,16,7,1,"","11/14/2016",15,18,6,10,2,"Orion 2","Logical Bound (MaxScorch > Htlc)"
"1369",10,2022,169,968,858,4.7,17,2,0,1,"","11/14/2016",85,17,0.1,0.1,2,"Orion 2","Logical Bound (MaxScorch > Htlc)"
"1377",10,2151,177,1217,936,0.4,6,1,0,1,"","11/14/2016",100,6,0.1,0.1,3,"Orion 2","Logical Bound (MaxScorch > Htlc)"
"1378",10,2152,177,1218,936,0.4,6,2,1,1,"","11/14/2016",95,6,0.1,0.1,2,"Orion 2","Logical Bound (MaxScorch > Htlc)"
"1380",10,2154,177,1220,936,0.3,5,1,1,1,"","11/14/2016",95,5,0.1,0.1,2,"Orion 2","Logical Bound (MaxScorch > Htlc)"
"1381",10,2155,177,1221,936,1,8,3,1,1,"","11/14/2016",100,8,0.1,0.1,3,"Orion 2","Logical Bound (MaxScorch > Htlc)"
"1382",10,2156,177,1222,936,0.8,7,1,1,1,"","11/14/2016",85,5,0.1,1,2,"Orion 2","Logical Bound (MaxScorch > Htlc)"
"1384",10,2158,177,1224,936,4.7,28,1,1,1,"","11/14/2016",20,14,0.1,5,2,"Orion 2","Logical Bound (MaxScorch > Htlc)"
"1385",10,2159,177,1225,936,0.3,5,2,1,1,"","11/14/2016",100,5,0.1,1,3,"Orion 2","Logical Bound (MaxScorch > Htlc)"
"1386",10,2160,177,1226,1029,1.8,13,6,4,1,"","11/14/2016",35,8,0.1,1,2,"Orion 2","Logical Bound (MaxScorch > Htlc)"
"1387",10,2161,177,1227,1029,1.6,13,4,4,1,"","11/14/2016",40,7,0.1,2,2,"Orion 2","Logical Bound (MaxScorch > Htlc)"
"1388",10,2162,177,1228,1029,2.5,14,5,5,1,"","11/14/2016",5,7,0.1,2,2,"Orion 2","Logical Bound (MaxScorch > Htlc)"
"1397",10,2171,177,1237,1029,4.1,19,7,6,1,"","11/14/2016",10,9,0,2,2,"Orion 2","Logical Bound (MaxScorch > Htlc)"
"1399",10,2173,177,1239,1029,17.7,72,19,10,1,"","11/14/2016",5,21,0,13,2,"Orion 2","Logical Bound (MaxScorch > Htlc)"
"1400",10,2174,177,1240,1030,1.5,8,1,1,1,"","11/14/2016",99,8,0.1,2,2,"Orion 2","Logical Bound (MaxScorch > Htlc)"
"1401",10,2175,177,1241,936,2.4,16,6,6,1,"","11/14/2016",90,16,0.1,2,2,"Orion 2","Logical Bound (MaxScorch > Htlc)"
"1402",10,2176,177,1242,1029,18.5,72,27,10,1,"","11/14/2016",50,48,3,21,2,"Orion 2","Logical Bound (MaxScorch > Htlc)"
"1403",10,2177,177,1243,1029,6.4,32,11,9,1,"","11/14/2016",95,28,5,13,2,"Orion 2","Logical Bound (MaxScorch > Htlc)"
"1412",10,2186,179,1252,936,0.4,6,1,1,1,"","11/14/2016",1,2,0.1,0.1,2,"Orion 2","Logical Bound (MaxScorch > Htlc)"
"1419",10,2193,179,1259,936,0.7,7,1,1,1,"","11/14/2016",70,6,0.1,1,2,"Orion 2","Logical Bound (MaxScorch > Htlc)"
"1427",10,2201,179,1267,936,0.4,5,1,1,1,"","11/14/2016",50,5,0,0,2,"Orion 2","Logical Bound (MaxScorch > Htlc)"
"1433",10,2207,179,1273,936,1,9,1,1,1,"","11/14/2016",5,2,0.1,0.1,2,"Orion 2","Logical Bound (MaxScorch > Htlc)"
"1437",10,2211,179,1277,1030,0.4,6,1,1,1,"","11/14/2016",60,4,0,0.1,2,"Orion 2","Logical Bound (MaxScorch > Htlc)"
"1438",10,2212,179,1278,936,0.5,6,1,1,1,"","11/14/2016",85,3,0.1,0.1,2,"Orion 2","Logical Bound (MaxScorch > Htlc)"
"1439",10,2213,179,1279,936,0.5,7,1,1,1,"","11/14/2016",40,3,0,0.1,2,"Orion 2","Logical Bound (MaxScorch > Htlc)"
"1440",10,2214,179,1280,936,0.3,5,1,1,1,"","11/14/2016",60,4,0,0,2,"Orion 2","Logical Bound (MaxScorch > Htlc)"
"1441",10,2215,179,1281,1030,0.4,6,1,1,1,"","11/14/2016",100,6,0.1,1,3,"Orion 2","Logical Bound (MaxScorch > Htlc)"
"1466",10,2240,179,1307,936,0.4,5,1,1,1,"","11/14/2016",45,3,0,0.1,2,"Orion 2","Logical Bound (MaxScorch > Htlc)"
"1476",10,2128,175,3592,1029,9.1,33,14,14,1,"","11/14/2016",5,15,1,7,2,"Orion 2","Logical Bound (MaxScorch > Htlc)"
"1477",10,2129,175,3593,1030,0.2,5,1,1,1,"","11/14/2016",100,5,0.1,0.1,3,"Orion 2","Logical Bound (MaxScorch > Htlc)"
"1478",10,2130,175,3594,1029,1.1,8,7,6,1,"","11/14/2016",100,8,0.1,2,3,"Orion 2","Logical Bound (MaxScorch > Htlc)"
"1480",10,2132,175,3596,1029,1.8,8,7,7,1,"","11/14/2016",95,8,0.1,1,2,"Orion 2","Logical Bound (MaxScorch > Htlc)"
"1481",10,2133,175,3597,1029,1.4,7,6,5,1,"","11/14/2016",100,7,0.1,1,3,"Orion 2","Logical Bound (MaxScorch > Htlc)"
"1484",10,2136,175,1202,1029,3.2,17,7,6,1,"","11/14/2016",35,10,0.1,2,2,"Orion 2","Logical Bound (MaxScorch > Htlc)"
"1485",10,2137,175,1203,1029,0.6,5,4,3,1,"","11/14/2016",100,5,0.1,0.1,3,"Orion 2","Logical Bound (MaxScorch > Htlc)"
"1492",10,2144,177,1210,1029,11,48,15,9,1,"","11/14/2016",95,46,7,17,2,"Orion 2","Logical Bound (MaxScorch > Htlc)"
"1493",10,2145,177,1211,1029,5.3,28,9,9,1,"","11/14/2016",90,25,1,3,2,"Orion 2","Logical Bound (MaxScorch > Htlc)"
"1494",10,2146,177,1212,936,0.6,6,2,1,1,"","11/14/2016",75,6,0.1,0.1,2,"Orion 2","Logical Bound (MaxScorch > Htlc)"
"1495",10,2147,177,1213,936,0.8,7,2,0,1,"","11/14/2016",30,4,0.1,0.1,2,"Orion 2","Logical Bound (MaxScorch > Htlc)"
"1496",10,2148,177,1214,936,0.4,5,1,1,1,"","11/14/2016",95,3,0.1,0.1,2,"Orion 2","Logical Bound (MaxScorch > Htlc)"
"1497",10,2149,177,1215,936,2.1,9,1,1,1,"","11/14/2016",20,4,0,2,2,"Orion 2","Logical Bound (MaxScorch > Htlc)"
"1498",10,2150,177,1216,936,0.5,6,1,1,1,"","11/14/2016",100,6,0.1,0.1,3,"Orion 2","Logical Bound (MaxScorch > Htlc)"
"1499",10,2070,171,3534,936,0.5,7,1,1,1,"","11/14/2016",100,7,0.1,0.1,3,"Orion 2","Logical Bound (MaxScorch > Htlc)"
"1500",10,2071,171,3535,858,0.3,5,1,1,1,"","11/14/2016",100,5,0.1,0.1,3,"Orion 2","Logical Bound (MaxScorch > Htlc)"
"1501",10,2153,177,1219,936,0.5,6,2,1,1,"","11/14/2016",95,5,0.1,0.1,2,"Orion 2","Logical Bound (MaxScorch > Htlc)"
"1502",10,2073,171,3537,1030,0.6,7,1,1,1,"","11/14/2016",100,7,0.1,0.1,3,"Orion 2","Logical Bound (MaxScorch > Htlc)"
"1503",10,2074,171,3538,936,1.2,9,1,1,1,"","11/14/2016",100,9,0.1,0.1,3,"Orion 2","Logical Bound (MaxScorch > Htlc)"
"1504",10,2075,171,3539,858,0.6,6,1,1,1,"","11/14/2016",100,6,0.1,0.1,3,"Orion 2","Logical Bound (MaxScorch > Htlc)"
"1505",10,2076,171,3540,1030,0.4,6,1,1,1,"","11/14/2016",100,6,0.1,0.1,3,"Orion 2","Logical Bound (MaxScorch > Htlc)"
"1506",10,2077,171,3541,936,1.4,11,1,1,1,"","11/14/2016",100,11,0.1,1,3,"Orion 2","Logical Bound (MaxScorch > Htlc)"
"1508",10,2079,171,3543,1030,0.3,6,1,1,1,"","11/14/2016",100,6,0.1,0.1,3,"Orion 2","Logical Bound (MaxScorch > Htlc)"
"1509",10,2080,171,3544,858,0.3,5,1,1,1,"","11/14/2016",100,5,0.1,0.1,3,"Orion 2","Logical Bound (MaxScorch > Htlc)"
"1510",10,2081,171,3545,1030,0.3,5,1,1,1,"","11/14/2016",100,5,0.1,0.1,3,"Orion 2","Logical Bound (MaxScorch > Htlc)"
"1511",10,2082,171,3546,936,1.5,11,1,1,1,"","11/14/2016",100,11,0.1,0.1,3,"Orion 2","Logical Bound (MaxScorch > Htlc)"
"1512",10,2083,171,3547,936,1.7,11,1,1,1,"","11/14/2016",60,7,0.1,2,2,"Orion 2","Logical Bound (MaxScorch > Htlc)"
"1513",10,2084,171,3548,936,1.4,12,1,1,1,"","11/14/2016",75,12,1,2,2,"Orion 2","Logical Bound (MaxScorch > Htlc)"
"1514",10,2085,171,3549,1030,0.3,6,1,1,1,"","11/14/2016",100,6,0.1,0.1,3,"Orion 2","Logical Bound (MaxScorch > Htlc)"
"1515",10,2086,171,3550,858,0.3,5,1,1,1,"","11/14/2016",100,5,0.1,0.1,3,"Orion 2","Logical Bound (MaxScorch > Htlc)"
"1516",10,2087,171,3551,858,1.3,10,1,1,1,"","11/14/2016",30,7,0,0.1,2,"Orion 2","Logical Bound (MaxScorch > Htlc)"
"1517",10,2088,171,3552,1030,1,8,1,1,1,"","11/14/2016",100,8,0.1,1,3,"Orion 2","Logical Bound (MaxScorch > Htlc)"
"1519",10,2090,171,3554,936,0.6,6,1,1,1,"","11/14/2016",95,5,0.1,0.1,2,"Orion 2","Logical Bound (MaxScorch > Htlc)"
"1520",10,2091,171,3555,1030,1.2,11,1,1,1,"","11/14/2016",30,8,0.1,1,2,"Orion 2","Logical Bound (MaxScorch > Htlc)"
"1536",10,2067,171,3531,936,0.5,5,1,1,1,"","11/14/2016",100,5,1,1,4,"Orion 2","Logical Bound (MaxScorch > Htlc)"
"1537",10,2068,171,3532,936,1.2,9,1,1,1,"","11/14/2016",100,9,1,1,3,"Orion 2","Logical Bound (MaxScorch > Htlc)"
"1538",10,2069,171,3533,936,0.4,6,1,1,1,"","11/14/2016",100,6,0.1,0.1,3,"Orion 2","Logical Bound (MaxScorch > Htlc)"
"1541",10,2072,171,3536,936,0.8,6,1,1,1,"","11/14/2016",45,4,0.1,0.1,2,"Orion 2","Logical Bound (MaxScorch > Htlc)"
"1544",10,2115,175,3579,1029,3.4,17,7,4,1,"","11/14/2016",10,10,0.1,2,2,"Orion 2","Logical Bound (MaxScorch > Htlc)"
"1545",10,1995,167,941,1030,1.2,7,2,2,1,"","11/14/2016",100,7,0.1,0.1,3,"Orion 2","Logical Bound (MaxScorch > Htlc)"
"1546",10,1996,167,942,936,0.5,6,1,1,1,"","11/14/2016",100,6,0.1,0.1,3,"Orion 2","Logical Bound (MaxScorch > Htlc)"
"1550",10,2107,173,3571,1029,0.3,5,2,1,1,"","11/14/2016",85,5,0.1,1,2,"Orion 2","Logical Bound (MaxScorch > Htlc)"
"1554",10,2106,173,3570,1029,0.4,6,4,1,1,"","11/14/2016",95,6,0.1,0.1,2,"Orion 2","Logical Bound (MaxScorch > Htlc)"
"15551",10,2112,173,3576,1029,0.4,5,0,4,1,"","11/14/2016",100,5,0,0.1,3,"Orion 2","Logical Bound (MaxScorch > Htlc)"
"1556",10,2116,175,3580,1029,0.5,6,4,3,1,"","11/14/2016",100,6,0.1,0.1,3,"Orion 2","Logical Bound (MaxScorch > Htlc)"
"1557",11,1118,181,297,1029,4.5,35,19,16,1,"","",15,21,2,4,2,"Angel","Logical Bound (MaxScorch > Htlc)"
"1559",11,1115,181,294,1030,3.8,28,4,2,1,"","",33,12,1,3,2,"Angel","Logical Bound (MaxScorch > Htlc)"
"1562",11,1114,181,293,1030,6.1,35,7,4,1,"","",40,19,1,6,2,"Angel","Logical Bound (MaxScorch > Htlc)"
"1566",11,1119,181,298,1029,6.9,47,27,21,1,"","",5,29,1,6,2,"Angel","Logical Bound (MaxScorch > Htlc)"
"1569",11,1161,187,440,1030,3.3,20,9,1,1,"","11/8/2016",90,22,0.1,2,2,"Angel","Logical Bound (MaxScorch > Htlc)"
"1570",11,1162,187,441,1030,3.2,18,6,1,1,"","11/8/2016",100,18,3,6,3,"Angel","Logical Bound (MaxScorch > Htlc)"
"1572",11,1111,181,290,1041,1,10,1,1,1,"14 stems alive: HODI-not listed","",100,10,2,3,3,"Angel","Logical Bound (MaxScorch > Htlc)"
"1573",11,1112,181,291,858,4,19,6,4,1,"","",100,19,1,2,3,"Angel","Logical Bound (MaxScorch > Htlc)"
"1574",11,1153,187,432,1029,9.6,27,11,11,1,"","11/8/2016",100,27,0.1,5,3,"Angel","Logical Bound (MaxScorch > Htlc)"
"1575",11,1167,187,446,1030,0.4,7,3,1,1,"","11/8/2016",75,5,0.1,1,2,"Angel","Logical Bound (MaxScorch > Htlc)"
"1576",11,1168,187,447,1030,4,33,14,1,1,"","11/8/2016",55,28,4,6,2,"Angel","Logical Bound (MaxScorch > Htlc)"
"1578",11,1170,187,449,1030,6.3,29,4,1,1,"","11/8/2016",75,24,2,7,2,"Angel","Logical Bound (MaxScorch > Htlc)"
"1580",11,1159,187,438,1030,6.6,38,12,1,1,"","11/8/2016",10,26,0.1,4,2,"Angel","Logical Bound (MaxScorch > Htlc)"
"1581",11,1160,187,439,1030,3.9,23,8,1,1,"","11/8/2016",100,23,1,4,3,"Angel","Logical Bound (MaxScorch > Htlc)"
"1582",11,1308,199,183,1030,6.3,38,9,1,1,"","11/8/2016",20,17,3,7,2,"Angel","Logical Bound (MaxScorch > Htlc)"
"1583",11,1309,199,184,1030,3.1,29,8,1,1,"","11/8/2016",35,16,1,4,2,"Angel","Logical Bound (MaxScorch > Htlc)"
"1584",11,1163,187,442,1030,5.2,34,8,2,1,"","11/8/2016",70,31,2,6,2,"Angel","Logical Bound (MaxScorch > Htlc)"
"1585",11,1164,187,443,1030,5,31,12,2,1,"","11/8/2016",20,22,2,6,2,"Angel","Logical Bound (MaxScorch > Htlc)"
"1586",11,1165,187,444,1030,2.3,19,7,1,1,"","11/8/2016",10,9,0.1,2,2,"Angel","Logical Bound (MaxScorch > Htlc)"
"1588",11,1314,199,189,1029,10,56,28,28,1,"","11/8/2016",1,29,0,2,2,"Angel","Logical Bound (MaxScorch > Htlc)"
"1589",11,1315,199,190,1030,3.8,26,6,1,1,"","11/8/2016",100,26,0.1,5,3,"Angel","Logical Bound (MaxScorch > Htlc)"
"1590",11,1169,187,448,1030,5,28,6,2,1,"","11/8/2016",65,22,4,7,2,"Angel","Logical Bound (MaxScorch > Htlc)"
"1591",11,1317,199,192,1030,4.1,21,10,1,1,"","11/8/2016",60,17,1,4,2,"Angel","Logical Bound (MaxScorch > Htlc)"
"1593",11,1319,199,194,1029,15.2,50,18,18,1,"forked","11/8/2016",75,35,0.1,19,2,"Angel","Logical Bound (MaxScorch > Htlc)"
"1594",11,1320,199,694,1030,3.9,21,7,1,1,"","11/8/2016",75,17,3,6,2,"Angel","Logical Bound (MaxScorch > Htlc)"
"1595",11,1321,199,695,1030,4.8,33,8,1,1,"","11/8/2016",85,25,1,5,2,"Angel","Logical Bound (MaxScorch > Htlc)"
"1597",11,1310,199,185,1029,12.1,52,22,22,1,"","11/8/2016",20,30,2,5,2,"Angel","Logical Bound (MaxScorch > Htlc)"
"1598",11,1311,199,186,1030,4,33,8,1,1,"","11/8/2016",1,9,0,2,2,"Angel","Logical Bound (MaxScorch > Htlc)"
"1599",11,1312,199,187,1030,10.2,53,9,2,1,"","11/8/2016",5,14,0,5,2,"Angel","Logical Bound (MaxScorch > Htlc)"
"1601",11,1327,199,NA,1041,0.7,8,4,4,1,"Hodi- not listed, not enough tag","11/8/2016",100,8,0.1,1,3,"Angel","Logical Bound (MaxScorch > Htlc)"
"1602",11,1328,199,NA,1037,0.3,7,1,1,1,"","11/8/2016",100,7,0.1,1,3,"Angel","Logical Bound (MaxScorch > Htlc)"
"1603",11,1316,199,191,1030,4.3,25,6,1,1,"","11/8/2016",90,22,3,6,2,"Angel","Logical Bound (MaxScorch > Htlc)"
"1604",11,1208,191,487,1030,8.4,65,40,22,1,"","11/8/2016",100,65,7,14,3,"Angel","Logical Bound (MaxScorch > Htlc)"
"1605",11,1209,191,488,1030,3.1,34,23,15,1,"","11/8/2016",100,34,4,10,3,"Angel","Logical Bound (MaxScorch > Htlc)"
"1607",11,1211,191,490,1030,4.4,39,28,6,1,"","11/8/2016",100,39,4,9,3,"Angel","Logical Bound (MaxScorch > Htlc)"
"1608",11,1212,191,491,1030,2,16,11,6,1,"","11/8/2016",100,16,5,7,3,"Angel","Logical Bound (MaxScorch > Htlc)"
"1609",11,1213,191,492,1030,3.7,35,21,12,1,"","11/8/2016",100,35,3,11,3,"Angel","Logical Bound (MaxScorch > Htlc)"
"1610",11,1323,199,697,1030,4.6,30,8,2,1,"","11/8/2016",90,26,0.1,3,2,"Angel","Logical Bound (MaxScorch > Htlc)"
"1611",11,1324,199,698,1030,5.8,37,9,1,1,"","11/8/2016",30,16,1,4,2,"Angel","Logical Bound (MaxScorch > Htlc)"
"1612",11,1325,199,600,1030,3.2,24,9,1,1,"","11/8/2016",65,13,1,4,2,"Angel","Logical Bound (MaxScorch > Htlc)"
"1613",11,1326,199,597,1030,5.1,35,6,1,1,"","11/8/2016",25,16,0.1,5,2,"Angel","Logical Bound (MaxScorch > Htlc)"
"1614",11,1300,197,175,865,1.8,20,6,3,1,"n=12 live stem and n- 1 dead","11/8/2016",100,20,1,2,3,"Angel","Logical Bound (MaxScorch > Htlc)"
"1615",11,1301,197,176,1030,6.7,36,3,1,1,"","11/8/2016",35,13,0.1,3,2,"Angel","Logical Bound (MaxScorch > Htlc)"
"1616",11,1207,189,486,1030,4.5,8,1,1,1,"","11/8/2016",100,8,6,7,3,"Angel","Logical Bound (MaxScorch > Htlc)"
"1618",11,1304,197,179,1030,3.2,17,1,1,1,"dead top","11/8/2016",25,17,0,0,2,"Angel","Logical Bound (MaxScorch > Htlc)"
"1619",11,1305,197,180,1030,3.3,16,1,1,1,"","11/8/2016",5,7,0,0,2,"Angel","Logical Bound (MaxScorch > Htlc)"
"1622",11,1227,191,2421,1030,9.3,45,21,4,1,"","11/8/2016",100,45,6,11,3,"Angel","Logical Bound (MaxScorch > Htlc)"
"1623",11,1228,191,2422,1030,3.1,18,11,6,1,"","11/8/2016",100,18,5,6,3,"Angel","Logical Bound (MaxScorch > Htlc)"
"1624",11,1229,191,2423,1029,29.1,107,24,24,1,"","11/8/2016",50,79,1,7,2,"Angel","Logical Bound (MaxScorch > Htlc)"
"1625",11,1230,191,2424,1030,7.2,46,16,6,1,"","11/8/2016",100,46,4,9,3,"Angel","Logical Bound (MaxScorch > Htlc)"
"1627",11,1232,191,2426,1030,3.7,23,16,5,1,"","11/8/2016",100,23,2,7,3,"Angel","Logical Bound (MaxScorch > Htlc)"
"1628",11,1233,191,2427,1030,3.2,16,7,3,1,"","11/8/2016",100,16,4,6,3,"Angel","Logical Bound (MaxScorch > Htlc)"
"1629",11,1234,191,2428,1030,9.3,51,19,6,1,"","11/8/2016",100,51,4,10,3,"Angel","Logical Bound (MaxScorch > Htlc)"
"1630",11,1235,191,2429,1030,14.3,74,33,13,1,"","11/8/2016",95,74,4,10,2,"Angel","Logical Bound (MaxScorch > Htlc)"
"1632",11,1237,191,2431,1030,13.7,77,15,9,1,"","11/8/2016",98,77,4,11,2,"Angel","Logical Bound (MaxScorch > Htlc)"
"1633",11,1238,191,2432,1030,7.1,51,26,8,1,"","11/8/2016",100,51,3,9,3,"Angel","Logical Bound (MaxScorch > Htlc)"
"1634",11,1239,191,2433,1030,4.1,22,12,8,1,"","11/8/2016",100,22,5,8,3,"Angel","Logical Bound (MaxScorch > Htlc)"
"1635",11,1240,191,2434,1030,10.7,73,42,11,1,"","11/8/2016",90,61,5,9,2,"Angel","Logical Bound (MaxScorch > Htlc)"
"1636",11,1241,191,2435,1030,11,71,42,24,1,"","11/8/2016",85,62,4,10,2,"Angel","Logical Bound (MaxScorch > Htlc)"
"1637",11,1242,193,2454,1029,3.1,18,13,5,1,"","11/8/2016",100,18,0.1,1,3,"Angel","Logical Bound (MaxScorch > Htlc)"
"1638",11,1243,193,2455,1029,4.2,26,14,5,1,"","11/8/2016",95,25,0.1,1,2,"Angel","Logical Bound (MaxScorch > Htlc)"
"1639",11,1244,193,2456,1030,4.2,33,18,5,1,"","11/8/2016",55,23,0.1,3,2,"Angel","Logical Bound (MaxScorch > Htlc)"
"1640",11,1245,193,2457,1029,5,40,28,8,1,"","11/8/2016",10,30,0.1,3,2,"Angel","Logical Bound (MaxScorch > Htlc)"
"1641",11,1246,193,2458,1030,5,33,11,3,1,"","11/8/2016",50,22,0,4,2,"Angel","Logical Bound (MaxScorch > Htlc)"
"1646",11,1251,193,2463,1029,3.4,26,14,5,1,"","11/8/2016",30,16,0.1,4,2,"Angel","Logical Bound (MaxScorch > Htlc)"
"1647",11,1252,193,2464,1029,3.2,20,13,4,1,"","11/8/2016",90,15,0.1,3,2,"Angel","Logical Bound (MaxScorch > Htlc)"
"1648",11,1253,193,2465,1029,1.6,8,7,7,1,"","11/8/2016",10,8,0.1,2,2,"Angel","Logical Bound (MaxScorch > Htlc)"
"1650",11,1255,193,2467,1030,3.4,24,12,3,1,"","11/8/2016",98,24,0.1,1,2,"Angel","Logical Bound (MaxScorch > Htlc)"
"1652",11,1257,193,2469,1030,3.1,22,10,5,1,"","11/8/2016",30,22,0,0.1,2,"Angel","Logical Bound (MaxScorch > Htlc)"
"1653",11,1258,193,2470,1029,6.2,31,12,2,1,"","11/8/2016",95,26,0,0.1,2,"Angel","Logical Bound (MaxScorch > Htlc)"
"1654",11,1259,193,2471,1029,3.8,26,16,5,1,"","11/8/2016",55,18,0.1,7,2,"Angel","Logical Bound (MaxScorch > Htlc)"
"1655",11,1260,193,2472,1029,1.2,9,7,4,1,"","11/8/2016",90,9,0.1,5,2,"Angel","Logical Bound (MaxScorch > Htlc)"
"1656",11,1261,193,2473,858,0.9,6,4,1,1,"","11/8/2016",100,6,6,6,5,"Angel","Logical Bound (MaxScorch > Htlc)"
"1657",11,1262,193,2474,1029,4.5,30,21,3,1,"","11/8/2016",40,23,4,9,2,"Angel","Logical Bound (MaxScorch > Htlc)"
"1658",11,1263,193,2475,858,1.7,9,5,1,1,"","11/8/2016",100,9,9,9,5,"Angel","Logical Bound (MaxScorch > Htlc)"
"1659",11,1264,193,2476,1030,6.8,34,13,2,1,"","11/8/2016",85,29,7,10,2,"Angel","Logical Bound (MaxScorch > Htlc)"
"1661",11,1226,191,2420,1030,11.1,62,27,14,1,"","11/8/2016",100,62,5,11,3,"Angel","Logical Bound (MaxScorch > Htlc)"
"1662",11,1267,193,2479,1029,3.1,20,13,3,1,"","11/8/2016",100,20,0.1,6,3,"Angel","Logical Bound (MaxScorch > Htlc)"
"1663",11,1268,193,2480,1030,9.2,52,17,3,1,"","11/8/2016",50,31,3,11,2,"Angel","Logical Bound (MaxScorch > Htlc)"
"1664",11,1269,193,2481,1030,7.1,32,9,2,1,"","11/8/2016",60,29,0.1,7,2,"Angel","Logical Bound (MaxScorch > Htlc)"
"1665",11,1270,193,2482,1030,16.5,72,16,1,1,"","11/8/2016",35,29,0.1,13,2,"Angel","Logical Bound (MaxScorch > Htlc)"
"1666",11,1271,193,2483,1029,5.4,31,13,3,1,"","11/8/2016",98,31,0.1,7,2,"Angel","Logical Bound (MaxScorch > Htlc)"
"1667",11,1272,193,2484,1030,5.4,25,9,1,1,"","11/8/2016",10,18,1,5,2,"Angel","Logical Bound (MaxScorch > Htlc)"
"1668",11,1273,195,148,1029,12.5,69,41,30,1,"","11/8/2016",100,69,69,69,3,"Angel","Logical Bound (MaxScorch > Htlc)"
"1669",11,1274,195,149,1030,16,62,27,4,1,"","11/8/2016",100,62,20,38,3,"Angel","Logical Bound (MaxScorch > Htlc)"
"1670",11,1275,195,150,1029,11.1,58,22,6,1,"","11/8/2016",25,35,5,16,2,"Angel","Logical Bound (MaxScorch > Htlc)"
"1671",11,1276,195,151,1030,7.3,43,1,1,1,"","11/8/2016",100,43,7,13,3,"Angel","Logical Bound (MaxScorch > Htlc)"
"16721",11,1277,195,152,1030,10.6,47,9,10,1,"","11/8/2016",100,47,12,13,3,"Angel","Logical Bound (MaxScorch > Htlc)"
"1674",11,1279,195,154,1029,3.1,16,9,4,1,"","11/8/2016",100,16,0.1,0.1,3,"Angel","Logical Bound (MaxScorch > Htlc)"
"1675",11,1280,195,155,1029,2.9,11,7,5,1,"","11/8/2016",100,11,0.1,0.1,3,"Angel","Logical Bound (MaxScorch > Htlc)"
"1676",11,1281,195,156,1029,5.8,23,7,5,1,"","11/8/2016",15,19,0.1,2,2,"Angel","Logical Bound (MaxScorch > Htlc)"
"1679",11,1284,195,159,858,3.6,20,6,1,1,"","11/8/2016",5,7,0.1,0.1,2,"Angel","Logical Bound (MaxScorch > Htlc)"
"1681",11,1286,195,161,858,6.2,29,9,1,1,"","11/8/2016",15,16,0.1,6,2,"Angel","Logical Bound (MaxScorch > Htlc)"
"1683",11,1288,195,163,1030,13.2,71,11,5,1,"","11/8/2016",15,16,0.1,8,2,"Angel","Logical Bound (MaxScorch > Htlc)"
"1684",11,1289,195,164,1030,13.5,40,1,1,1,"mistletoe","11/8/2016",50,40,0.1,8,2,"Angel","Logical Bound (MaxScorch > Htlc)"
"1685",11,1290,195,165,858,17.2,77,23,5,1,"","11/8/2016",75,77,0.1,77,2,"Angel","Logical Bound (MaxScorch > Htlc)"
"1686",11,1291,195,166,1030,10.1,45,16,1,1,"mistletoe","11/8/2016",100,45,45,45,3,"Angel","Logical Bound (MaxScorch > Htlc)"
"1687",11,1292,195,167,1030,14.5,61,6,1,1,"","11/8/2016",25,19,0.1,0.1,2,"Angel","Logical Bound (MaxScorch > Htlc)"
"1688",11,1293,195,168,1030,5.8,24,5,5,1,"","11/8/2016",100,24,0.1,10,3,"Angel","Logical Bound (MaxScorch > Htlc)"
"1689",11,1294,195,169,1030,11.9,64,21,21,1,"","11/8/2016",100,64,0.1,64,3,"Angel","Logical Bound (MaxScorch > Htlc)"
"1692",11,1297,197,172,1030,8.6,27,8,2,1,"mistletoe","11/8/2016",95,27,4,11,2,"Angel","Logical Bound (MaxScorch > Htlc)"
"1693",11,1298,197,173,1030,8.8,28,7,4,1,"mistletoe","11/8/2016",95,28,2,9,2,"Angel","Logical Bound (MaxScorch > Htlc)"
"1694",11,1299,197,174,858,19.8,72,5,1,1,"","11/8/2016",20,21,0,16,2,"Angel","Logical Bound (MaxScorch > Htlc)"
"1697",11,1302,197,177,1030,3.9,22,4,1,1,"","11/8/2016",20,11,2,5,2,"Angel","Logical Bound (MaxScorch > Htlc)"
"1698",11,1181,189,460,1030,7.2,46,25,6,1,"","11/8/2016",70,34,0,0,2,"Angel","Logical Bound (MaxScorch > Htlc)"
"1701",11,1184,189,463,1030,7.6,50,22,6,1,"","11/8/2016",5,23,0,0.1,2,"Angel","Logical Bound (MaxScorch > Htlc)"
"1702",11,1185,189,464,1030,4.6,42,25,5,1,"","11/8/2016",15,30,0,1,2,"Angel","Logical Bound (MaxScorch > Htlc)"
"1703",11,1186,189,465,1030,3.4,29,17,7,1,"","11/8/2016",100,29,0.1,0.1,2,"Angel","Logical Bound (MaxScorch > Htlc)"
"1704",11,1187,189,466,1030,4.1,43,29,6,1,"","11/8/2016",25,31,0,0.1,2,"Angel","Logical Bound (MaxScorch > Htlc)"
"1705",11,1188,189,467,1030,6.2,37,21,6,1,"","11/8/2016",90,32,0.1,2,2,"Angel","Logical Bound (MaxScorch > Htlc)"
"1706",11,1189,189,468,1030,3.4,23,17,8,1,"","11/8/2016",100,23,0.1,4,3,"Angel","Logical Bound (MaxScorch > Htlc)"
"1707",11,1190,189,469,1030,5.8,44,21,7,1,"","11/8/2016",45,33,2,5,2,"Angel","Logical Bound (MaxScorch > Htlc)"
"1708",11,1191,189,470,1030,4.3,36,25,6,1,"","11/8/2016",90,26,1,4,2,"Angel","Logical Bound (MaxScorch > Htlc)"
"1709",11,1192,189,471,1030,4.4,41,33,23,1,"","11/8/2016",40,34,1,5,2,"Angel","Logical Bound (MaxScorch > Htlc)"
"1710",11,1193,189,472,1030,6.4,42,26,8,1,"","11/8/2016",65,34,0.1,7,2,"Angel","Logical Bound (MaxScorch > Htlc)"
"1712",11,1195,189,474,1030,5.2,34,19,5,1,"","11/8/2016",98,34,5,23,2,"Angel","Logical Bound (MaxScorch > Htlc)"
"1713",11,1196,189,475,1030,6,24,16,6,1,"","11/8/2016",98,24,6,15,2,"Angel","Logical Bound (MaxScorch > Htlc)"
"1714",11,1197,189,476,1030,5.5,34,21,8,1,"","11/8/2016",100,34,3,16,3,"Angel","Logical Bound (MaxScorch > Htlc)"
"1715",11,1198,189,477,1030,3.6,26,17,5,1,"","11/8/2016",100,26,4,14,3,"Angel","Logical Bound (MaxScorch > Htlc)"
"1716",11,1199,189,478,1030,4,25,17,9,1,"","11/8/2016",100,25,4,14,3,"Angel","Logical Bound (MaxScorch > Htlc)"
"1717",11,1200,189,479,1030,5.4,35,21,6,1,"","11/8/2016",100,35,6,17,3,"Angel","Logical Bound (MaxScorch > Htlc)"
"1718",11,1201,189,480,1030,16,60,22,8,1,"","11/8/2016",100,60,35,43,3,"Angel","Logical Bound (MaxScorch > Htlc)"
"1719",11,1202,189,481,858,3.1,21,10,2,1,"","11/8/2016",100,21,21,21,4,"Angel","Logical Bound (MaxScorch > Htlc)"
"1720",11,1203,189,482,1030,6.2,41,29,6,1,"","11/8/2016",100,41,41,41,4,"Angel","Logical Bound (MaxScorch > Htlc)"
"1721",11,1204,189,483,1030,5,33,16,7,1,"","11/8/2016",100,33,33,33,3,"Angel","Logical Bound (MaxScorch > Htlc)"
"1722",11,1205,189,484,917,7.9,59,27,24,1,"","11/8/2016",90,56,9,18,2,"Angel","Logical Bound (MaxScorch > Htlc)"
"1723",11,1206,189,485,1030,7,38,23,9,1,"","11/8/2016",100,38,38,38,3,"Angel","Logical Bound (MaxScorch > Htlc)"
"1724",11,1126,181,405,1029,12.8,64,29,6,1,"","",5,36,2,11,2,"Angel","Logical Bound (MaxScorch > Htlc)"
"1725",11,1127,181,406,1029,3.3,18,15,7,1,"","",100,18,3,4,3,"Angel","Logical Bound (MaxScorch > Htlc)"
"1726",11,1128,183,407,917,15.2,81,34,34,1,"","",90,72,0,22,2,"Angel","Logical Bound (MaxScorch > Htlc)"
"1727",11,1129,183,408,858,3.4,18,3,2,1,"","",100,18,0.1,1,3,"Angel","Logical Bound (MaxScorch > Htlc)"
"1728",11,1130,183,409,1029,19.5,88,40,21,1,"","",90,73,0.1,12,2,"Angel","Logical Bound (MaxScorch > Htlc)"
"1729",11,1131,185,410,1030,7.2,39,5,1,1,"","",15,17,0.1,1,2,"Angel","Logical Bound (MaxScorch > Htlc)"
"1730",11,1132,185,411,1030,4.5,31,3,1,1,"","",95,29,0.1,3,2,"Angel","Logical Bound (MaxScorch > Htlc)"
"1731",11,1214,191,493,1030,2.2,18,8,4,1,"","11/8/2016",100,18,3,9,3,"Angel","Logical Bound (MaxScorch > Htlc)"
"1732",11,1215,191,494,1030,7.4,48,27,4,1,"","11/8/2016",100,48,2,10,3,"Angel","Logical Bound (MaxScorch > Htlc)"
"1733",11,1216,191,495,1030,5.1,32,15,6,1,"","11/8/2016",100,32,4,12,3,"Angel","Logical Bound (MaxScorch > Htlc)"
"1735",11,1218,191,497,858,3.3,22,18,9,1,"","11/8/2016",100,22,2,4,3,"Angel","Logical Bound (MaxScorch > Htlc)"
"1736",11,1219,191,498,1030,12,60,37,20,1,"","11/8/2016",100,60,5,14,3,"Angel","Logical Bound (MaxScorch > Htlc)"
"1737",11,1220,191,499,858,9.1,48,30,6,1,"","11/8/2016",100,48,3,9,3,"Angel","Logical Bound (MaxScorch > Htlc)"
"1738",11,1221,191,200,1030,3.1,21,17,12,1,"","11/8/2016",100,21,3,6,3,"Angel","Logical Bound (MaxScorch > Htlc)"
"1739",11,1222,191,2416,858,4.5,33,21,8,1,"","11/8/2016",100,33,3,9,3,"Angel","Logical Bound (MaxScorch > Htlc)"
"1741",11,1224,191,2418,858,5.2,24,19,6,1,"","11/8/2016",100,29,3,9,3,"Angel","Logical Bound (MaxScorch > Htlc)"
"1742",11,1144,185,423,1030,3.2,15,3,1,1,"","",100,15,2,6,3,"Angel","Logical Bound (MaxScorch > Htlc)"
"1743",11,1145,187,424,1030,4.6,16,3,1,1,"measured below dbh due to mistle toe","",99,15,2,4,2,"Angel","Logical Bound (MaxScorch > Htlc)"
"1744",11,1146,187,425,1030,8.9,47,5,1,1,"","",5,6,0.1,6,2,"Angel","Logical Bound (MaxScorch > Htlc)"
"1745",11,1147,187,426,1030,7.5,42,3,1,1,"","11/8/2016",20,16,2,6,2,"Angel","Logical Bound (MaxScorch > Htlc)"
"1746",11,1148,187,427,1030,3.4,23,4,1,1,"","11/8/2016",95,21,0.1,3,2,"Angel","Logical Bound (MaxScorch > Htlc)"
"1747",11,1149,187,428,1030,4.6,27,3,1,1,"","11/8/2016",85,17,1,6,2,"Angel","Logical Bound (MaxScorch > Htlc)"
"1748",11,1150,187,429,1030,2.8,20,6,1,1,"","11/8/2016",5,7,0.1,6,2,"Angel","Logical Bound (MaxScorch > Htlc)"
"17491",11,1151,187,430,1029,22.3,64,21,42,1,"","11/8/2016",10,26,1,6,2,"Angel","Logical Bound (MaxScorch > Htlc)"
"1750",11,1152,187,431,1041,0.9,11,1,1,1,"HODI- not listed n- 14 live stems","11/8/2016",100,11,1,1,3,"Angel","Logical Bound (MaxScorch > Htlc)"
"1751",11,1518,191,2436,1030,4.8,41,21,8,1,"","11/10/2016",100,41,3,8,3,"Angel","Logical Bound (MaxScorch > Htlc)"
"1752",11,1519,191,2437,1030,1.2,9,7,5,1,"","11/10/2016",100,9,2,5,3,"Angel","Logical Bound (MaxScorch > Htlc)"
"1754",11,1521,191,2439,1030,16.2,72,18,7,1,"","11/10/2016",85,65,0.1,8,2,"Angel","Logical Bound (MaxScorch > Htlc)"
"1755",11,1522,191,2440,917,12.1,74,50,50,1,"","11/10/2016",60,53,0.1,1,2,"Angel","Logical Bound (MaxScorch > Htlc)"
"1756",11,1523,191,2441,1030,3.4,30,18,8,1,"","11/10/2016",100,30,3,8,3,"Angel","Logical Bound (MaxScorch > Htlc)"
"1758",11,1525,191,2443,1030,9.1,70,25,25,1,"","11/10/2016",95,70,3,9,2,"Angel","Logical Bound (MaxScorch > Htlc)"
"1759",11,1526,191,2444,1030,8.7,35,17,6,1,"","11/10/2016",100,35,1,10,3,"Angel","Logical Bound (MaxScorch > Htlc)"
"1760",11,1527,191,2445,1029,7,53,37,37,1,"","11/10/2016",45,45,1,7,2,"Angel","Logical Bound (MaxScorch > Htlc)"
"1761",11,1123,181,402,1029,10,55,22,22,1,"","",10,28,4,12,2,"Angel","Logical Bound (MaxScorch > Htlc)"
"1762",11,1124,181,403,1029,6.2,36,23,20,1,"","",60,28,5,7,2,"Angel","Logical Bound (MaxScorch > Htlc)"
"1763",11,1125,181,404,1030,3.1,19,8,6,1,"","",90,18,3,5,2,"Angel","Logical Bound (MaxScorch > Htlc)"
"1764",11,1531,191,2449,1030,3.2,31,26,8,1,"","11/10/2016",100,31,7,9,3,"Angel","Logical Bound (MaxScorch > Htlc)"
"1765",11,1532,191,2450,1030,11.8,75,43,33,1,"","11/10/2016",98,75,8,10,2,"Angel","Logical Bound (MaxScorch > Htlc)"
"1766",11,1533,191,2451,1030,13.7,71,45,21,1,"","11/10/2016",98,71,10,24,2,"Angel","Logical Bound (MaxScorch > Htlc)"
"1767",11,1534,191,2452,1030,5.7,49,35,5,1,"","11/10/2016",90,44,3,8,2,"Angel","Logical Bound (MaxScorch > Htlc)"
"1768",11,1535,191,2453,1030,4,34,23,5,1,"","11/10/2016",95,34,9,16,2,"Angel","Logical Bound (MaxScorch > Htlc)"
"1771",11,1133,185,412,1030,5.4,27,3,1,1,"","",100,27,0.1,2,3,"Angel","Logical Bound (MaxScorch > Htlc)"
"1772",11,1134,185,413,1030,1.5,11,6,2,1,"","",100,11,0.1,2,3,"Angel","Logical Bound (MaxScorch > Htlc)"
"1773",11,1135,185,414,1030,0.9,7,3,3,1,"","",100,7,0.1,2,4,"Angel","Logical Bound (MaxScorch > Htlc)"
"1774",11,1136,185,415,1030,4.4,25,5,3,1,"","",100,25,1,5,3,"Angel","Logical Bound (MaxScorch > Htlc)"
"1775",11,1137,185,416,1029,22.8,85,38,38,1,"","",35,52,0,10,2,"Angel","Logical Bound (MaxScorch > Htlc)"
"1776",11,1138,185,417,1030,5.4,23,1,1,1,"mistletoe forks n=7","",100,23,2,23,3,"Angel","Logical Bound (MaxScorch > Htlc)"
"1777",11,1139,185,418,1029,7,36,19,19,1,"","",100,36,23,30,3,"Angel","Logical Bound (MaxScorch > Htlc)"
"1778",11,1140,185,419,1030,5.4,41,5,5,1,"mistletoe above DBH","",100,41,24,32,3,"Angel","Logical Bound (MaxScorch > Htlc)"
"1779",11,1141,185,420,1029,16.3,74,36,36,1,"","",90,72,24,38,2,"Angel","Logical Bound (MaxScorch > Htlc)"
"1780",11,1142,185,421,1030,7.1,35,6,1,1,"mistle toe forks n=2","",100,35,3,21,3,"Angel","Logical Bound (MaxScorch > Htlc)"
"1781",11,1143,185,422,1030,8.7,42,4,2,1,"mistletoe above dbh","",65,35,0.1,14,2,"Angel","Logical Bound (MaxScorch > Htlc)"
"1782",11,1174,189,453,858,1.7,9,4,1,1,"","11/8/2016",100,9,0.1,9,3,"Angel","Logical Bound (MaxScorch > Htlc)"
"1783",11,1265,193,2477,858,0.9,7,4,1,1,"","11/8/2016",100,7,7,7,5,"Angel","Logical Bound (MaxScorch > Htlc)"
"1786",11,1530,191,2448,858,5.6,29,12,1,1,"","11/10/2016",100,49,0.1,10,3,"Angel","Logical Bound (MaxScorch > Htlc)"
"1788",11,1528,191,2446,1030,4.5,31,21,9,1,"","11/10/2016",95,31,1,4,2,"Angel","Logical Bound (MaxScorch > Htlc)"
"1789",11,1529,191,2447,1030,7.8,60,35,21,1,"","11/10/2016",35,49,0.1,4,2,"Angel","Logical Bound (MaxScorch > Htlc)"
"2039",14,1478,243,140,1030,4.9,36,5,3,1,"","11/9/2016",100,36,1,3,3,"Chumstick ZUI","Logical Bound (MaxScorch > Htlc)"
"2040",14,1469,243,131,1030,1.6,14,10,4,1,"","11/9/2016",100,14,2,3,3,"Chumstick ZUI","Logical Bound (MaxScorch > Htlc)"
"2041",14,1482,245,143,1029,13,58,24,8,1,"","11/9/2016",25,28,0,0.1,2,"Chumstick ZUI","Logical Bound (MaxScorch > Htlc)"
"2042",14,1483,245,144,1029,7,50,24,6,1,"","11/9/2016",30,26,0,0.1,2,"Chumstick ZUI","Logical Bound (MaxScorch > Htlc)"
"20431",14,1480,243,142,1030,7.4,40,8,9,1,"","11/9/2016",60,32,0,0,2,"Chumstick ZUI","Logical Bound (MaxScorch > Htlc)"
"2044",14,1481,243,NA,1030,5.2,31,6,6,1,"","11/9/2016",45,31,0,0,2,"Chumstick ZUI","Logical Bound (MaxScorch > Htlc)"
"2046",14,1474,243,136,1030,1.7,18,7,5,1,"","11/9/2016",100,18,1,2,3,"Chumstick ZUI","Logical Bound (MaxScorch > Htlc)"
"2047",14,1484,245,145,1029,7.3,46,14,8,1,"","11/9/2016",20,24,1,6,2,"Chumstick ZUI","Logical Bound (MaxScorch > Htlc)"
"2048",14,1472,243,134,1030,10,68,17,11,1,"","11/9/2016",65,37,4,11,2,"Chumstick ZUI","Logical Bound (MaxScorch > Htlc)"
"2049",14,1477,243,139,1030,9,69,19,3,1,"","11/9/2016",15,31,0.1,5,2,"Chumstick ZUI","Logical Bound (MaxScorch > Htlc)"
"2051",14,1479,243,141,1030,3.6,23,4,4,1,"","11/9/2016",20,10,0,0.1,2,"Chumstick ZUI","Logical Bound (MaxScorch > Htlc)"
"2052",14,1331,227,1333,1030,2.9,19,6,4,1,"","11/9/2016",45,18,2,4,2,"Chumstick ZUI","Logical Bound (MaxScorch > Htlc)"
"2053",14,1332,227,1334,1030,6,36,6,5,1,"","11/9/2016",60,22,1,9,2,"Chumstick ZUI","Logical Bound (MaxScorch > Htlc)"
"2054",14,1333,227,1335,1030,2.9,17,5,2,1,"","11/9/2016",85,13,3,6,2,"Chumstick ZUI","Logical Bound (MaxScorch > Htlc)"
"2055",14,1334,227,1336,1030,1.1,9,2,1,1,"","11/9/2016",100,9,1,3,3,"Chumstick ZUI","Logical Bound (MaxScorch > Htlc)"
"2056",14,1335,227,1337,1030,19.8,97,22,15,1,"","11/9/2016",10,35,17,35,2,"Chumstick ZUI","Logical Bound (MaxScorch > Htlc)"
"2057",14,1485,245,146,1029,2.7,23,11,11,1,"","11/9/2016",100,23,1,6,3,"Chumstick ZUI","Logical Bound (MaxScorch > Htlc)"
"2058",14,1486,245,147,1029,13.3,63,17,15,1,"","11/9/2016",20,27,1,4,2,"Chumstick ZUI","Logical Bound (MaxScorch > Htlc)"
"2059",14,1487,245,148,1030,2.1,13,4,3,1,"","11/9/2016",100,13,4,6,3,"Chumstick ZUI","Logical Bound (MaxScorch > Htlc)"
"2060",14,1475,243,137,1030,5.5,44,12,2,1,"","11/9/2016",30,19,1,5,2,"Chumstick ZUI","Logical Bound (MaxScorch > Htlc)"
"2061",14,1476,243,138,1030,2.3,22,12,3,1,"","11/9/2016",60,17,0.1,1,2,"Chumstick ZUI","Logical Bound (MaxScorch > Htlc)"
"2064",14,1330,227,1332,1030,6.1,38,5,2,1,"","11/9/2016",20,31,0.1,1,2,"Chumstick ZUI","Logical Bound (MaxScorch > Htlc)"
"2069",14,1470,243,132,1030,5.4,48,16,7,1,"","11/9/2016",5,24,2,6,2,"Chumstick ZUI","Logical Bound (MaxScorch > Htlc)"
"2070",14,1471,243,133,1030,3.4,31,14,7,1,"","11/9/2016",5,26,4,7,2,"Chumstick ZUI","Logical Bound (MaxScorch > Htlc)"
"2072",14,1432,241,94,1030,1.7,15,8,8,1,"","11/9/2016",95,14,0.1,0.1,2,"Chumstick ZUI","Logical Bound (MaxScorch > Htlc)"
"2073",14,1433,241,95,1030,1.5,13,8,6,1,"","11/9/2016",98,13,0.1,2,2,"Chumstick ZUI","Logical Bound (MaxScorch > Htlc)"
"2074",14,1434,241,96,1030,0.7,6,4,4,1,"","11/9/2016",100,6,0.1,1,3,"Chumstick ZUI","Logical Bound (MaxScorch > Htlc)"
"2075",14,1435,241,97,1030,4.1,28,6,4,1,"","11/9/2016",25,18,1,3,2,"Chumstick ZUI","Logical Bound (MaxScorch > Htlc)"
"2076",14,1436,241,98,858,2.7,19,7,6,1,"","11/9/2016",15,10,0.1,0.1,2,"Chumstick ZUI","Logical Bound (MaxScorch > Htlc)"
"2077",14,1437,241,99,858,3.9,23,6,3,1,"","11/9/2016",5,8,1,2,2,"Chumstick ZUI","Logical Bound (MaxScorch > Htlc)"
"2078",14,1438,241,100,1030,3.1,16,4,1,1,"","11/9/2016",10,11,2,4,2,"Chumstick ZUI","Logical Bound (MaxScorch > Htlc)"
"2079",14,1439,241,101,858,1.8,7,3,2,1,"","11/9/2016",100,7,1,3,3,"Chumstick ZUI","Logical Bound (MaxScorch > Htlc)"
"2080",14,1440,241,102,1030,3.7,23,8,4,1,"","11/9/2016",90,21,0.1,2,2,"Chumstick ZUI","Logical Bound (MaxScorch > Htlc)"
"2081",14,1441,241,103,1030,2.1,10,6,3,1,"","11/9/2016",100,10,1,4,3,"Chumstick ZUI","Logical Bound (MaxScorch > Htlc)"
"2082",14,1442,241,104,1030,3.7,25,12,7,1,"","11/9/2016",98,25,2,4,2,"Chumstick ZUI","Logical Bound (MaxScorch > Htlc)"
"2083",14,1443,241,105,858,2.3,14,11,7,1,"","11/9/2016",100,14,1,2,3,"Chumstick ZUI","Logical Bound (MaxScorch > Htlc)"
"2084",14,1444,241,106,858,3.1,16,6,6,1,"","11/9/2016",98,16,1,4,2,"Chumstick ZUI","Logical Bound (MaxScorch > Htlc)"
"2085",14,1445,241,107,1030,1.5,11,6,4,1,"","11/9/2016",100,11,0.1,1,3,"Chumstick ZUI","Logical Bound (MaxScorch > Htlc)"
"2086",14,1446,241,108,1030,4.2,34,12,10,1,"","11/9/2016",85,28,3,5,2,"Chumstick ZUI","Logical Bound (MaxScorch > Htlc)"
"2087",14,1447,241,109,1030,3.4,27,8,8,1,"","11/9/2016",95,24,2,5,2,"Chumstick ZUI","Logical Bound (MaxScorch > Htlc)"
"2088",14,1448,241,110,858,1.5,10,5,1,1,"","11/9/2016",100,10,0.1,1,3,"Chumstick ZUI","Logical Bound (MaxScorch > Htlc)"
"2089",14,1449,241,111,1030,1.4,12,7,6,1,"","11/9/2016",100,12,3,4,3,"Chumstick ZUI","Logical Bound (MaxScorch > Htlc)"
"2090",14,1450,243,113,1030,6.3,51,6,4,1,"","11/9/2016",85,44,3,6,2,"Chumstick ZUI","Logical Bound (MaxScorch > Htlc)"
"2091",14,1451,243,112,1030,11.2,62,9,6,1,"","11/9/2016",65,43,9,18,2,"Chumstick ZUI","Logical Bound (MaxScorch > Htlc)"
"2092",14,1452,243,114,1029,14.2,85,31,8,1,"","11/9/2016",40,49,1,26,2,"Chumstick ZUI","Logical Bound (MaxScorch > Htlc)"
"2093",14,1453,243,115,1029,1.9,11,6,6,1,"","11/9/2016",100,11,3,10,3,"Chumstick ZUI","Logical Bound (MaxScorch > Htlc)"
"2094",14,1454,243,116,1029,2.8,24,9,6,1,"","11/9/2016",98,24,3,12,2,"Chumstick ZUI","Logical Bound (MaxScorch > Htlc)"
"2095",14,1455,243,117,1030,0.8,8,2,2,1,"","11/9/2016",100,8,0.1,1,3,"Chumstick ZUI","Logical Bound (MaxScorch > Htlc)"
"2096",14,1456,243,118,1029,21.1,101,42,12,1,"","11/9/2016",5,50,3,22,2,"Chumstick ZUI","Logical Bound (MaxScorch > Htlc)"
"2097",14,1457,243,119,1029,11.5,45,27,9,1,"","11/9/2016",75,42,5,17,2,"Chumstick ZUI","Logical Bound (MaxScorch > Htlc)"
"2098",14,1458,243,120,1029,7.8,26,23,6,1,"","11/9/2016",98,26,2,13,2,"Chumstick ZUI","Logical Bound (MaxScorch > Htlc)"
"2100",14,1460,243,122,1030,9.5,76,21,8,1,"","11/9/2016",50,28,4,14,2,"Chumstick ZUI","Logical Bound (MaxScorch > Htlc)"
"2101",14,1461,243,123,1030,7.3,68,19,7,1,"","11/9/2016",20,24,3,14,2,"Chumstick ZUI","Logical Bound (MaxScorch > Htlc)"
"2102",14,1462,243,124,1030,1.2,21,12,5,1,"","11/9/2016",100,21,2,5,3,"Chumstick ZUI","Logical Bound (MaxScorch > Htlc)"
"2103",14,1463,243,125,1029,12.2,59,13,8,1,"","11/9/2016",10,37,1,10,2,"Chumstick ZUI","Logical Bound (MaxScorch > Htlc)"
"2104",14,1464,243,126,1030,2.5,25,13,11,1,"","11/9/2016",35,18,2,4,2,"Chumstick ZUI","Logical Bound (MaxScorch > Htlc)"
"2105",14,1465,243,127,1029,18.1,83,25,6,1,"","11/9/2016",5,40,2,15,2,"Chumstick ZUI","Logical Bound (MaxScorch > Htlc)"
"2108",14,1468,243,130,1030,2.9,27,13,6,1,"","11/9/2016",90,20,3,4,2,"Chumstick ZUI","Logical Bound (MaxScorch > Htlc)"
"2110",14,1430,241,92,1030,2.8,24,11,4,1,"","11/9/2016",5,12,0,0,2,"Chumstick ZUI","Logical Bound (MaxScorch > Htlc)"
"2111",14,1348,229,1350,1029,18.9,77,46,31,1,"","11/9/2016",15,48,2,9,2,"Chumstick ZUI","Logical Bound (MaxScorch > Htlc)"
"2112",14,1349,231,1351,970,4.2,23,8,6,1,"","11/9/2016",100,23,2,5,3,"Chumstick ZUI","Logical Bound (MaxScorch > Htlc)"
"2116",14,1353,231,1355,970,3.3,14,9,7,1,"","11/9/2016",100,14,4,5,3,"Chumstick ZUI","Logical Bound (MaxScorch > Htlc)"
"2117",14,1354,231,1356,1030,10.6,64,19,15,1,"","11/9/2016",35,43,4,18,2,"Chumstick ZUI","Logical Bound (MaxScorch > Htlc)"
"2118",14,1355,231,1357,1030,13,75,19,10,1,"","11/9/2016",55,45,4,15,2,"Chumstick ZUI","Logical Bound (MaxScorch > Htlc)"
"2119",14,1356,231,1358,1029,2.8,23,13,6,1,"","11/9/2016",100,23,0.1,7,3,"Chumstick ZUI","Logical Bound (MaxScorch > Htlc)"
"2120",14,1357,231,1359,1029,9,49,16,10,1,"","11/9/2016",60,32,3,13,2,"Chumstick ZUI","Logical Bound (MaxScorch > Htlc)"
"2121",14,1358,231,1360,1030,9.1,66,22,15,1,"","11/9/2016",45,33,2,6,2,"Chumstick ZUI","Logical Bound (MaxScorch > Htlc)"
"2122",14,1359,231,21,1030,12.3,75,27,15,1,"","11/9/2016",25,34,6,14,2,"Chumstick ZUI","Logical Bound (MaxScorch > Htlc)"
"2123",14,1360,231,22,1030,0.8,8,2,1,1,"","11/9/2016",100,8,3,4,3,"Chumstick ZUI","Logical Bound (MaxScorch > Htlc)"
"2124",14,1361,231,23,1030,7.3,41,16,9,1,"","11/9/2016",70,34,4,9,2,"Chumstick ZUI","Logical Bound (MaxScorch > Htlc)"
"2125",14,1362,231,24,1030,10,46,10,8,1,"","11/9/2016",25,33,4,13,2,"Chumstick ZUI","Logical Bound (MaxScorch > Htlc)"
"2126",14,1363,231,25,1030,4,25,5,3,1,"","11/9/2016",65,19,0.1,3,2,"Chumstick ZUI","Logical Bound (MaxScorch > Htlc)"
"2128",14,1365,231,27,1029,25.2,81,29,16,1,"","11/9/2016",30,45,6,29,2,"Chumstick ZUI","Logical Bound (MaxScorch > Htlc)"
"2129",14,1366,231,28,1030,3.2,18,6,3,1,"","11/9/2016",90,18,2,4,2,"Chumstick ZUI","Logical Bound (MaxScorch > Htlc)"
"2130",14,1367,231,29,1030,2.6,16,4,3,1,"","11/9/2016",100,16,3,4,3,"Chumstick ZUI","Logical Bound (MaxScorch > Htlc)"
"2131",14,1368,231,30,1030,1.8,13,1,1,1,"","11/9/2016",100,13,3,4,3,"Chumstick ZUI","Logical Bound (MaxScorch > Htlc)"
"2132",14,1369,231,31,1030,0.7,8,1,1,1,"","11/9/2016",100,8,3,8,4,"Chumstick ZUI","Logical Bound (MaxScorch > Htlc)"
"2133",14,1370,231,32,1029,7.7,51,24,17,1,"","11/9/2016",95,47,3,19,2,"Chumstick ZUI","Logical Bound (MaxScorch > Htlc)"
"2134",14,1371,231,33,1030,1.4,9,2,2,1,"","11/9/2016",100,9,6,6,3,"Chumstick ZUI","Logical Bound (MaxScorch > Htlc)"
"2135",14,1372,231,34,1030,0.6,7,2,1,1,"","11/9/2016",100,7,2,3,3,"Chumstick ZUI","Logical Bound (MaxScorch > Htlc)"
"2136",14,1373,231,35,1029,3,31,8,5,1,"","11/9/2016",95,31,7,15,2,"Chumstick ZUI","Logical Bound (MaxScorch > Htlc)"
"2137",14,1374,231,36,1030,2.3,17,3,2,1,"","11/9/2016",100,17,3,4,3,"Chumstick ZUI","Logical Bound (MaxScorch > Htlc)"
"2138",14,1376,233,38,1030,6.6,40,5,1,1,"","11/9/2016",100,40,2,8,3,"Chumstick ZUI","Logical Bound (MaxScorch > Htlc)"
"2139",14,1377,233,39,1029,13.3,86,40,33,1,"","11/9/2016",100,86,0.1,21,3,"Chumstick ZUI","Logical Bound (MaxScorch > Htlc)"
"2140",14,1378,233,40,1030,19.5,106,51,38,1,"","11/9/2016",100,106,12,32,3,"Chumstick ZUI","Logical Bound (MaxScorch > Htlc)"
"2141",14,1379,233,41,1030,23,108,36,23,1,"","11/9/2016",100,108,8,38,3,"Chumstick ZUI","Logical Bound (MaxScorch > Htlc)"
"2142",14,1380,233,42,1030,16.8,104,33,12,1,"","11/9/2016",100,104,14,40,3,"Chumstick ZUI","Logical Bound (MaxScorch > Htlc)"
"2143",14,1381,233,43,1030,13.8,45,25,2,1,"","11/9/2016",100,45,7,25,3,"Chumstick ZUI","Logical Bound (MaxScorch > Htlc)"
"2144",14,1382,233,44,1029,11.4,36,15,6,1,"","11/9/2016",100,36,2,23,3,"Chumstick ZUI","Logical Bound (MaxScorch > Htlc)"
"2145",14,1383,233,45,1030,24.4,116,36,9,1,"","11/9/2016",100,116,12,65,3,"Chumstick ZUI","Logical Bound (MaxScorch > Htlc)"
"2146",14,1384,233,46,1029,2.8,20,0,NA,6,"","11/9/2016",100,20,20,20,5,"Chumstick ZUI","Logical Bound (MaxScorch > Htlc)"
"2147",14,1385,233,47,1029,7.6,58,34,34,1,"","11/9/2016",100,58,3,28,3,"Chumstick ZUI","Logical Bound (MaxScorch > Htlc)"
"2148",14,1386,235,48,1029,27.4,77,5,5,1,"","11/9/2016",15,51,0.1,3,2,"Chumstick ZUI","Logical Bound (MaxScorch > Htlc)"
"2149",14,1346,229,1348,1030,5.9,38,9,7,1,"","11/9/2016",45,24,3,5,2,"Chumstick ZUI","Logical Bound (MaxScorch > Htlc)"
"2151",14,1389,237,51,1029,1.7,8,1,1,1,"","11/9/2016",100,8,0.1,3,3,"Chumstick ZUI","Logical Bound (MaxScorch > Htlc)"
"2152",14,1390,239,52,1029,11.8,68,25,20,1,"","11/9/2016",5,34,0,0,2,"Chumstick ZUI","Logical Bound (MaxScorch > Htlc)"
"2153",14,1391,239,53,1030,9.2,55,8,2,1,"","11/9/2016",15,14,3,9,2,"Chumstick ZUI","Logical Bound (MaxScorch > Htlc)"
"2154",14,1392,239,54,1030,9,39,4,2,1,"","11/9/2016",10,13,0.1,5,2,"Chumstick ZUI","Logical Bound (MaxScorch > Htlc)"
"2155",14,1393,241,55,858,0.6,6,1,1,1,"","11/9/2016",100,6,1,2,3,"Chumstick ZUI","Logical Bound (MaxScorch > Htlc)"
"2156",14,1394,241,56,858,2.7,12,2,1,1,"","11/9/2016",100,12,0.1,2,3,"Chumstick ZUI","Logical Bound (MaxScorch > Htlc)"
"2160",14,1398,241,60,1030,4.6,32,13,13,1,"","11/9/2016",35,17,1,6,2,"Chumstick ZUI","Logical Bound (MaxScorch > Htlc)"
"2161",14,1399,241,61,1030,6.2,42,14,9,1,"","11/9/2016",15,20,2,7,2,"Chumstick ZUI","Logical Bound (MaxScorch > Htlc)"
"2162",14,1400,241,62,1030,3.1,25,11,11,1,"","11/9/2016",35,14,0.1,1,2,"Chumstick ZUI","Logical Bound (MaxScorch > Htlc)"
"2163",14,1401,241,63,1030,1,10,5,4,1,"","11/9/2016",95,10,0.1,1,2,"Chumstick ZUI","Logical Bound (MaxScorch > Htlc)"
"2164",14,1402,241,64,858,4.6,29,6,3,1,"","11/9/2016",60,21,0.1,1,2,"Chumstick ZUI","Logical Bound (MaxScorch > Htlc)"
"2165",14,1403,241,65,858,2.3,18,11,10,1,"","11/9/2016",70,14,0.1,2,2,"Chumstick ZUI","Logical Bound (MaxScorch > Htlc)"
"2166",14,1404,241,66,1030,1.6,12,8,7,1,"","11/9/2016",15,10,0.1,1,2,"Chumstick ZUI","Logical Bound (MaxScorch > Htlc)"
"2167",14,1405,241,67,1030,3.4,22,8,7,1,"","11/9/2016",10,10,0.1,2,2,"Chumstick ZUI","Logical Bound (MaxScorch > Htlc)"
"2168",14,1406,241,68,1030,2.7,20,7,5,1,"","11/9/2016",15,9,0.1,1,2,"Chumstick ZUI","Logical Bound (MaxScorch > Htlc)"
"2169",14,1407,241,69,1030,0.6,11,6,4,1,"","11/9/2016",85,8,0,0.1,2,"Chumstick ZUI","Logical Bound (MaxScorch > Htlc)"
"2171",14,1409,241,71,858,2.3,23,9,7,1,"","11/9/2016",5,10,0,0.1,2,"Chumstick ZUI","Logical Bound (MaxScorch > Htlc)"
"2172",14,1410,241,72,1030,3.7,17,8,6,1,"","11/9/2016",100,17,5,5,3,"Chumstick ZUI","Logical Bound (MaxScorch > Htlc)"
"2173",14,1411,241,73,858,6.5,21,6,5,1,"","11/9/2016",90,21,4,5,2,"Chumstick ZUI","Logical Bound (MaxScorch > Htlc)"
"2174",14,1412,241,74,1030,1.1,8,3,2,1,"","11/9/2016",100,8,0,0.1,3,"Chumstick ZUI","Logical Bound (MaxScorch > Htlc)"
"2175",14,1413,241,75,1030,1.2,7,4,2,1,"","11/9/2016",100,7,0,0.1,3,"Chumstick ZUI","Logical Bound (MaxScorch > Htlc)"
"2176",14,1414,241,76,858,3.4,29,4,4,1,"","11/9/2016",90,29,0,0.1,2,"Chumstick ZUI","Logical Bound (MaxScorch > Htlc)"
"2177",14,1415,241,77,1030,1.3,10,5,1,1,"","11/9/2016",100,10,0,0.1,3,"Chumstick ZUI","Logical Bound (MaxScorch > Htlc)"
"2178",14,1416,241,78,1030,1,8,4,2,1,"","11/9/2016",100,8,0.1,0.1,3,"Chumstick ZUI","Logical Bound (MaxScorch > Htlc)"
"2179",14,1417,241,79,1030,5.2,35,11,9,1,"","11/9/2016",15,25,0,0,2,"Chumstick ZUI","Logical Bound (MaxScorch > Htlc)"
"2181",14,1419,241,81,1030,5.2,38,13,9,1,"","11/9/2016",70,28,0,0,2,"Chumstick ZUI","Logical Bound (MaxScorch > Htlc)"
"2182",14,1420,241,82,1030,4.7,31,12,9,1,"","11/9/2016",95,31,0,0,2,"Chumstick ZUI","Logical Bound (MaxScorch > Htlc)"
"2184",14,1340,229,1342,1030,9.6,55,7,7,1,"","11/9/2016",20,20,3,7,2,"Chumstick ZUI","Logical Bound (MaxScorch > Htlc)"
"2187",14,1343,229,1345,1029,17.6,89,30,30,1,"","11/9/2016",5,32,2,17,2,"Chumstick ZUI","Logical Bound (MaxScorch > Htlc)"
"2188",14,1344,229,1346,1029,23,104,34,25,1,"","11/9/2016",5,41,4,13,2,"Chumstick ZUI","Logical Bound (MaxScorch > Htlc)"
"2189",14,1345,229,1347,1029,17.6,90,50,48,1,"","11/9/2016",40,60,0.1,12,2,"Chumstick ZUI","Logical Bound (MaxScorch > Htlc)"
"2190",14,1387,235,49,1029,24.9,85,8,6,1,"","11/9/2016",50,58,0.1,3,2,"Chumstick ZUI","Logical Bound (MaxScorch > Htlc)"
"2191",14,1388,237,50,1029,1,7,2,1,1,"","11/9/2016",100,7,0.1,3,3,"Chumstick ZUI","Logical Bound (MaxScorch > Htlc)"
"2193",14,1339,229,1341,1029,9.6,61,15,6,1,"","11/9/2016",5,23,0.1,8,2,"Chumstick ZUI","Logical Bound (MaxScorch > Htlc)"
"2194",14,1336,227,1338,1030,0.3,5,3,1,1,"","11/9/2016",100,5,1,2,3,"Chumstick ZUI","Logical Bound (MaxScorch > Htlc)"
"2195",14,1337,227,1339,1030,0.5,7,2,1,1,"","11/9/2016",100,7,1,3,3,"Chumstick ZUI","Logical Bound (MaxScorch > Htlc)"
"2196",14,1342,229,1344,1029,13.5,72,27,19,1,"","11/9/2016",50,40,0.1,7,2,"Chumstick ZUI","Logical Bound (MaxScorch > Htlc)"
"478",4,2428,60,363,1030,3.8,23,22,0.5,6,"","11/17/2016",NA,NA,NA,NA,NA,"Hanlon","Logical Bound (Dead w/ Live Crown)"
"735",6,2974,97,717,1030,11,74,14,14,6,"","11/29/2016",NA,NA,NA,NA,NA,"Sherman Creek","Logical Bound (Dead w/ Live Crown)"
"1988",13,284,226,NA,860,14.4,46.2,9.2,NA,6,"","",NA,NA,NA,NA,NA,"2","Logical Bound (Dead w/ Live Crown)"
"13081",10,1961,161,907,1030,1,7,0,0,1,"","11/14/2016",100,7,4.5,6,4,"Orion 2","Logical Bound (Live w/o Live Crown)"
"13101",10,1963,161,909,1030,1.8,7,0,0,1,"","11/14/2016",100,7,1,2,3,"Orion 2","Logical Bound (Live w/o Live Crown)"
"13531",10,2006,167,952,1030,0.3,6,0,0,1,"","11/14/2016",65,6,0.1,0.1,2,"Orion 2","Logical Bound (Live w/o Live Crown)"
"1522",10,2093,173,3557,936,1.2,9,0,0,1,"","11/14/2016",0,NA,0,0,1,"Orion 2","Logical Bound (Live w/o Live Crown)"
"15552",10,2112,173,3576,1029,0.4,5,0,4,1,"","11/14/2016",100,5,0,0.1,3,"Orion 2","Logical Bound (Live w/o Live Crown)"
"2279",15,1838,255,3939,1030,11,42,0,0,1,"","11/14/2016",NA,NA,NA,NA,NA,"Upper Rendezvous 1","Logical Bound (Live w/o Live Crown)"
"550",5,2302,71,460,917,5.9,58,NA,29,6,"","11/14/2016",0,NA,NA,NA,NA,"Paradise 90","Logical Bound (Dead Trees w/ improper data)"
"575",5,2259,65,417,936,5.5,19,NA,6,6,"","11/14/2016",NA,NA,1,5,NA,"Paradise 90","Logical Bound (Dead Trees w/ improper data)"
"576",5,2260,65,418,1029,12.5,71,NA,26,6,"","11/14/2016",NA,NA,0.1,5,NA,"Paradise 90","Logical Bound (Dead Trees w/ improper data)"
"577",5,2261,65,419,1029,7.3,52,NA,42,6,"","11/14/2016",NA,NA,0.1,6,NA,"Paradise 90","Logical Bound (Dead Trees w/ improper data)"
"579",5,2263,67,421,1029,30.7,61,NA,NA,6,"","11/14/2016",NA,NA,0,5,NA,"Paradise 90","Logical Bound (Dead Trees w/ improper data)"
"610",5,2334,73,492,1030,3,18,NA,4,6,"","11/14/2016",NA,NA,1,3,NA,"Paradise 90","Logical Bound (Dead Trees w/ improper data)"
"617",5,2341,75,499,1030,9.7,39,NA,2.5,6,"","11/14/2016",NA,NA,2,4.5,NA,"Paradise 90","Logical Bound (Dead Trees w/ improper data)"
"623",5,2347,77,3655,1029,7.7,51,NA,24,6,"","11/14/2016",NA,NA,0.1,1.5,NA,"Paradise 90","Logical Bound (Dead Trees w/ improper data)"
"639",5,2349,77,3657,1030,1.8,20,NA,4,6,"","11/14/2016",NA,NA,0.1,0.1,NA,"Paradise 90","Logical Bound (Dead Trees w/ improper data)"
"1273",10,2047,171,993,1029,0.6,6,NA,1,6,"","11/14/2016",NA,NA,3,3,NA,"Orion 2","Logical Bound (Dead Trees w/ improper data)"
"1303",10,2037,171,983,1029,1.4,11,NA,1,6,"","11/14/2016",NA,NA,0.1,2,NA,"Orion 2","Logical Bound (Dead Trees w/ improper data)"
"1336",10,1989,167,935,1029,4.8,40,NA,NA,6,"","11/14/2016",NA,NA,3,7,NA,"Orion 2","Logical Bound (Dead Trees w/ improper data)"
"1374",10,2027,169,973,1029,2.2,11,NA,NA,6,"","11/14/2016",NA,NA,0,0,NA,"Orion 2","Logical Bound (Dead Trees w/ improper data)"
"1383",10,2157,177,1223,2,0.4,5,NA,NA,6,"","11/14/2016",NA,NA,0.1,0.1,NA,"Orion 2","Logical Bound (Dead Trees w/ improper data)"
"1467",10,2241,179,1308,936,0.4,5,NA,NA,6,"","11/14/2016",NA,NA,0,0,NA,"Orion 2","Logical Bound (Dead Trees w/ improper data)"
"1470",10,2122,175,3586,1029,1,7,NA,NA,6,"","11/14/2016",0,NA,0.1,1,1,"Orion 2","Logical Bound (Dead Trees w/ improper data)"
"1474",10,2126,175,3590,1029,2.2,18,NA,NA,6,"","11/14/2016",NA,NA,0.1,2,NA,"Orion 2","Logical Bound (Dead Trees w/ improper data)"
"1475",10,2127,175,3591,1029,2.8,18,NA,NA,6,"","11/14/2016",NA,NA,0.1,1,NA,"Orion 2","Logical Bound (Dead Trees w/ improper data)"
"1491",10,2143,175,1209,1029,1.2,6,NA,NA,6,"","11/14/2016",NA,NA,0.1,0.1,NA,"Orion 2","Logical Bound (Dead Trees w/ improper data)"
"1563",11,1154,187,433,1029,7.2,28,NA,10,6,"","11/8/2016",0,NA,NA,NA,NA,"Angel","Logical Bound (Dead Trees w/ improper data)"
"1606",11,1210,191,489,1030,3.2,30,NA,8,6,"","11/8/2016",NA,NA,5,10,NA,"Angel","Logical Bound (Dead Trees w/ improper data)"
"1626",11,1231,191,2425,917,10.2,74,NA,6,6,"","11/8/2016",NA,NA,11,12,NA,"Angel","Logical Bound (Dead Trees w/ improper data)"
"1651",11,1256,193,2468,1030,4.5,8,NA,1,6,"","11/8/2016",NA,NA,0.1,1,NA,"Angel","Logical Bound (Dead Trees w/ improper data)"
"1660",11,1225,191,2419,917,4.7,18,NA,6,6,"","11/8/2016",NA,18,3,6,3,"Angel","Logical Bound (Dead Trees w/ improper data)"
"1711",11,1194,189,473,1030,3.1,31,NA,4,6,"","11/8/2016",NA,NA,0.1,4,NA,"Angel","Logical Bound (Dead Trees w/ improper data)"
"1734",11,1217,191,496,917,11.5,32,NA,26,6,"","11/8/2016",NA,NA,8,16,NA,"Angel","Logical Bound (Dead Trees w/ improper data)"
"1740",11,1223,191,2417,1030,3.3,20,NA,16,6,"","11/8/2016",100,20,4,6,3,"Angel","Logical Bound (Dead Trees w/ improper data)"
"1753",11,1520,191,2438,917,7.9,18,NA,NA,6,"","11/10/2016",NA,NA,3,10,NA,"Angel","Logical Bound (Dead Trees w/ improper data)"
"1757",11,1524,191,2442,1030,1.7,15,NA,9,6,"","11/10/2016",NA,NA,2,6,NA,"Angel","Logical Bound (Dead Trees w/ improper data)"
"1770",11,1172,187,451,1030,11.4,39,NA,15,6,"","11/8/2016",0,NA,0.1,2,NA,"Angel","Logical Bound (Dead Trees w/ improper data)"
"1784",11,1266,193,2478,1029,1.8,12,NA,5,6,"","11/8/2016",NA,NA,4,5,NA,"Angel","Logical Bound (Dead Trees w/ improper data)"
"1785",11,1173,189,452,917,4.9,13,NA,3,6,"","11/8/2016",0,NA,NA,NA,NA,"Angel","Logical Bound (Dead Trees w/ improper data)"
"2107",14,1467,243,129,1030,2.5,25,NA,6,6,"","11/9/2016",100,25,4,8,3,"Chumstick ZUI","Logical Bound (Dead Trees w/ improper data)"
"2113",14,1350,231,1352,970,1.6,10,NA,5,6,"","11/9/2016",100,10,2,3,3,"Chumstick ZUI","Logical Bound (Dead Trees w/ improper data)"
"2114",14,1351,231,1353,970,3.2,12,NA,6,6,"","11/9/2016",100,12,3,7,3,"Chumstick ZUI","Logical Bound (Dead Trees w/ improper data)"
"2115",14,1352,231,1354,970,3.1,12,NA,7,6,"","11/9/2016",100,12,4,8,3,"Chumstick ZUI","Logical Bound (Dead Trees w/ improper data)"
"2127",14,1364,231,26,1029,5.9,31,NA,21,6,"","11/9/2016",NA,NA,5,13,NA,"Chumstick ZUI","Logical Bound (Dead Trees w/ improper data)"
"21461",14,1384,233,46,1029,2.8,20,0,NA,6,"","11/9/2016",100,20,20,20,5,"Chumstick ZUI","Logical Bound (Dead Trees w/ improper data)"
"17031",11,1186,189,465,1030,3.4,29,17,7,1,"","11/8/2016",100,29,0.1,0.1,2,"Angel","Logical Bound (BrnSev 2 Crwn Srch 0 or 100)"
"634",5,2358,79,3666,1029,3,21,9.5,8.5,1,"","11/14/2016",1,0,NA,NA,1,"Paradise 90","Logical Bound (BrnSev1 Crwn Srch > 0)"
"2109",14,1429,241,91,858,6.7,47,15,11,1,"","11/9/2016",5,13,0,0,1,"Chumstick ZUI","Logical Bound (BrnSev1 Crwn Srch > 0)"
"1881",1,2665,14,1886,1029,24.3,16.7,27.4,27.4,1,"","11/23/2016",NA,NA,NA,NA,NA,"Canteen","Regression: Ht~DBH (StdRes > |3.5|)"
"369",2,3105,31,639,1030,23.6,31.6,11.4,8.5,1,"","12/3/2016",NA,NA,NA,NA,NA,"Oak Creek","Regression: Ht~DBH (StdRes > |3.5|)"
"494",4,2363,43,303,1030,27,21,NA,NA,6,"","11/16/2016",NA,NA,NA,NA,NA,"Hanlon","Regression: Ht~DBH (StdRes > |3.5|)"
"5791",5,2263,67,421,1029,30.7,61,NA,NA,6,"","11/14/2016",NA,NA,0,5,NA,"Paradise 90","Regression: Ht~DBH (StdRes > |3.5|)"
"673",6,2912,85,3698,1029,17.1,15,NA,NA,6,"","11/29/2016",NA,NA,NA,NA,NA,"Sherman Creek","Regression: Ht~DBH (StdRes > |3.5|)"
"697",6,2936,87,122,1029,14.3,9,NA,NA,6,"","11/29/2016",NA,NA,NA,NA,NA,"Sherman Creek","Regression: Ht~DBH (StdRes > |3.5|)"
"919",8,2864,137,1854,4,19.3,9,NA,NA,6,"","11/28/2016",NA,NA,NA,NA,NA,"8 Mile Bottom","Regression: Ht~DBH (StdRes > |3.5|)"
"1004",8,2799,129,1990,1029,29.5,25,NA,NA,6,"","11/28/2016",NA,NA,NA,NA,NA,"8 Mile Bottom","Regression: Ht~DBH (StdRes > |3.5|)"
"10792",9,956,149,641,1030,1.3,81,2,3,1,"Top broken","",NA,NA,NA,NA,NA,"Goat","Regression: Ht~DBH (StdRes > |3.5|)"
"1147",9,1036,155,767,1030,21,11,NA,NA,6,"","",NA,NA,NA,NA,NA,"Goat","Regression: Ht~DBH (StdRes > |3.5|)"
"1261",9,978,151,619,1030,1.8,70,NA,NA,6,"Leaning","",NA,NA,NA,NA,NA,"Goat","Regression: Ht~DBH (StdRes > |3.5|)"
"13281",10,1981,165,927,1029,23.3,49,38,32,1,"","11/14/2016",100,49,1,7,3,"Orion 2","Regression: Ht~DBH (StdRes > |3.5|)"
"1857",12,325,205,531,1030,18.3,8,NA,NA,6,"","",NA,NA,NA,NA,NA,"25 Mile","Regression: Ht~DBH (StdRes > |3.5|)"
"1862",12,333,207,539,1029,14.5,12,NA,NA,6,"","",NA,NA,NA,NA,NA,"25 Mile","Regression: Ht~DBH (StdRes > |3.5|)"
"1876",13,125,221,NA,860,11.8,0,NA,NA,1,"","",NA,NA,NA,NA,NA,"2","Regression: Ht~DBH (StdRes > |3.5|)"
"1949",13,122,221,NA,860,11.8,0,NA,NA,1,"","",NA,NA,NA,NA,NA,"2","Regression: Ht~DBH (StdRes > |3.5|)"
"1956",13,252,225,NA,860,13.2,0,NA,NA,6,"","",NA,NA,NA,NA,NA,"2","Regression: Ht~DBH (StdRes > |3.5|)"
"1957",13,253,225,NA,860,11.5,0,NA,NA,6,"","",NA,NA,NA,NA,NA,"2","Regression: Ht~DBH (StdRes > |3.5|)"
"1961",13,257,225,NA,860,12.6,0,NA,NA,6,"","",NA,NA,NA,NA,NA,"2","Regression: Ht~DBH (StdRes > |3.5|)"
"1980",13,276,226,NA,860,14.2,0,NA,NA,1,"","",NA,NA,NA,NA,NA,"2","Regression: Ht~DBH (StdRes > |3.5|)"
"1990",13,286,226,NA,860,11.4,0,NA,NA,6,"","",NA,NA,NA,NA,NA,"2","Regression: Ht~DBH (StdRes > |3.5|)"
"2307",15,1744,251,3345,1029,15,11,NA,NA,6,"","11/14/2016",NA,NA,NA,NA,NA,"Upper Rendezvous 1","Regression: Ht~DBH (StdRes > |3.5|)"
"24821",16,3013,275,729,1030,11.8,109,20,60,1,"","12/1/2016",NA,NA,NA,NA,NA,"Natapoc 35","Regression: Ht~DBH (StdRes > |3.5|)"
"2488",16,3019,277,735,1030,14.1,6,NA,0.5,6,"","12/1/2016",NA,NA,NA,NA,NA,"Natapoc 35","Regression: Ht~DBH (StdRes > |3.5|)"
"2513",16,3044,281,760,2,18.5,6,NA,NA,6,"","12/1/2016",NA,NA,NA,NA,NA,"Natapoc 35","Regression: Ht~DBH (StdRes > |3.5|)"
"2516",16,3047,283,764,1030,23.7,6,NA,NA,6,"","12/1/2016",NA,NA,NA,NA,NA,"Natapoc 35","Regression: Ht~DBH (StdRes > |3.5|)"
"418",2,3154,36,689,858,25.1,93.1,5,5,1,"","12/5/2016",NA,NA,NA,NA,NA,"Oak Creek","Regression: Htlc~Ht (StdRes > |3.5|)"
"651",6,2890,81,3676,1030,13.1,90,66,66,1,"","11/28/2016",NA,NA,NA,NA,NA,"Sherman Creek","Regression: Htlc~Ht (StdRes > |3.5|)"
"734",6,2973,97,716,1030,9.4,69,57,45,1,"","11/29/2016",NA,NA,NA,NA,NA,"Sherman Creek","Regression: Htlc~Ht (StdRes > |3.5|)"
"844",7,65,111,233,917,10.4,60,51,51,1,"","",NA,NA,NA,NA,NA,"Vulcan","Regression: Htlc~Ht (StdRes > |3.5|)"
"905",8,2771,125,1962,1029,21.9,125,89,85,1,"","11/28/2016",NA,NA,NA,NA,NA,"8 Mile Bottom","Regression: Htlc~Ht (StdRes > |3.5|)"
"920",8,2865,137,1855,1030,20.8,97,7,7,1,"","11/28/2016",NA,NA,NA,NA,NA,"8 Mile Bottom","Regression: Htlc~Ht (StdRes > |3.5|)"
"975",8,2812,131,335,1030,21,91,8,8,1,"","11/28/2016",NA,NA,NA,NA,NA,"8 Mile Bottom","Regression: Htlc~Ht (StdRes > |3.5|)"
"1020",8,2797,129,1988,1029,22.1,104,13,13,1,"","11/28/2016",NA,NA,NA,NA,NA,"8 Mile Bottom","Regression: Htlc~Ht (StdRes > |3.5|)"
"10791",9,956,149,641,1030,1.3,81,2,3,1,"Top broken","",NA,NA,NA,NA,NA,"Goat","Regression: Htlc~Ht (StdRes > |3.5|)"
"1098",9,987,151,610,952,20,92,64,47,1,"Tagged on bark due to unsafe widow maker","",NA,NA,NA,NA,NA,"Goat","Regression: Htlc~Ht (StdRes > |3.5|)"
"1113",9,878,143,574,1030,24.4,106,6,2,1,"","",NA,NA,NA,NA,NA,"Goat","Regression: Htlc~Ht (StdRes > |3.5|)"
"15961",11,1322,199,696,1029,10.5,34,50,34,1,"","11/8/2016",15,44,0.1,4,2,"Angel","Regression: Htlc~Ht (StdRes > |3.5|)"
"1832",12,323,205,529,1030,23.8,94,10,6,1,"","",NA,NA,NA,NA,NA,"25 Mile","Regression: Htlc~Ht (StdRes > |3.5|)"
"24541",16,2985,267,701,1030,17.1,103,10,90,1,"","12/1/2016",NA,NA,NA,NA,NA,"Natapoc 35","Regression: Htlc~Ht (StdRes > |3.5|)"
"24581",16,2989,267,705,1030,25.2,109,9,100,1,"","12/1/2016",NA,NA,NA,NA,NA,"Natapoc 35","Regression: Htlc~Ht (StdRes > |3.5|)"
"24591",16,2990,267,706,1030,15.6,111,8,101,1,"","12/1/2016",NA,NA,NA,NA,NA,"Natapoc 35","Regression: Htlc~Ht (StdRes > |3.5|)"
"24601",16,2991,267,707,1030,27.1,131,20,120,1,"","12/1/2016",NA,NA,NA,NA,NA,"Natapoc 35","Regression: Htlc~Ht (StdRes > |3.5|)"
"2464",16,2995,267,711,1030,27.4,121,85,35,1,"","12/1/2016",NA,NA,NA,NA,NA,"Natapoc 35","Regression: Htlc~Ht (StdRes > |3.5|)"
